country,year,population
China,2020,1439323776
China,2019,1433783686
China,2018,1427647786
China,2017,1421021791
China,2016,1414049351
China,2015,1406847870
China,2010,1368810615
China,2005,1330776380
China,2000,1290550765
China,1995,1240920535
China,1990,1176883674
China,1985,1075589361
China,1980,1000089235
China,1975,926240885
China,1970,827601394
China,1965,724218968
China,1960,660408056
China,1955,612241554
France,2020,65273511
France,2019,65129728
France,2018,64990511
Myanmar,2020,54409800
Myanmar,2019,54045420
South Africa,2020,59308690
Tanzania,2020,59734218
Italy,2020,60461826
France,2017,64842509
France,2016,64667596
France,2015,64453200
Myanmar,2018,53708320
Myanmar,2017,53382523
Myanmar,2016,53045201
South Korea,2020,51269185
South Africa,2019,58558270
South Africa,2018,57792518
South Africa,2017,57009756
Tanzania,2019,58005463
Tanzania,2018,56313438
Tanzania,2017,54660339
Italy,2019,60550075
Italy,2018,60627291
Italy,2017,60673701
France,2010,62879530
France,2005,61120127
France,2000,59015096
France,1995,57801892
Kenya,2020,53771296
Kenya,2019,52573973
Myanmar,2015,52680726
Myanmar,2010,50600818
Myanmar,2005,48949924
South Korea,2019,51225308
South Africa,2016,56207646
South Africa,2015,55386367
Tanzania,2016,53049230
Tanzania,2015,51482633
Italy,2016,60663060
Italy,2015,60578494
Italy,2010,59325229
France,1990,56666849
France,1985,55254848
Kenya,2018,51392565
Kenya,2017,50221142
Kenya,2016,49051534
United Kingdom,2020,67886011
Myanmar,2000,46719701
Myanmar,1995,43901598
Myanmar,1990,41335199
South Korea,2018,51171706
South Korea,2017,51096415
South Africa,2010,51216964
South Africa,2005,47880601
South Africa,2000,44967708
Tanzania,2010,44346525
Tanzania,2005,38450320
Italy,2005,58281212
Italy,2000,56692178
Italy,1995,57174408
France,1980,53868009
France,1975,52688576
Egypt,2020,102334404
Germany,2020,83783942
Kenya,2015,47878336
Kenya,2010,42030676
Vietnam,2020,97338579
United Kingdom,2019,67530172
United Kingdom,2018,67141684
United Kingdom,2017,66727461
Myanmar,1985,37977086
Myanmar,1980,34224313
South Korea,2016,50983457
South Korea,2015,50823093
South Korea,2010,49545636
South Africa,1995,41435758
South Africa,1990,36800509
South Africa,1985,32678874
Tanzania,2000,33499180
Tanzania,1995,29649135
Tanzania,1990,25203845
Italy,1990,57048236
Italy,1985,56936774
Italy,1980,56349349
France,1970,50763920
France,1965,48746652
France,1960,45673146
Egypt,2019,100388073
Egypt,2018,98423598
Egypt,2017,96442591
Germany,2019,83517045
Germany,2018,83124418
Germany,2017,82658409
Germany,2016,82193768
DR Congo,2020,89561403
DR Congo,2019,86790567
Kenya,2005,36624895
Kenya,2000,31964557
Kenya,1995,27768296
Thailand,2020,69799978
Vietnam,2019,96462106
Vietnam,2018,95545962
United Kingdom,2016,66297944
United Kingdom,2015,65860146
United Kingdom,2010,63459808
Myanmar,1975,30611095
Myanmar,1970,27269069
South Korea,2005,48701073
South Korea,2000,47379241
South Korea,1995,45292522
South Africa,1980,28556769
South Africa,1975,25195187
Tanzania,1985,21633796
Tanzania,1980,18538259
Italy,1975,55265284
Italy,1970,53518969
France,1955,43411367
Holy See,2019,799
Holy See,2018,801
Egypt,2016,94447073
Egypt,2015,92442547
Iran,2020,83992949
Turkey,2020,84339067
Germany,2015,81787411
Germany,2010,80827002
Germany,2005,81602741
DR Congo,2018,84068091
DR Congo,2017,81398764
DR Congo,2016,78789127
Kenya,1990,23724579
Kenya,1985,19877083
Kenya,1980,16417197
Thailand,2019,69625582
Thailand,2018,69428453
Vietnam,2017,94600648
Vietnam,2016,93640422
United Kingdom,2005,60287954
United Kingdom,2000,58923309
United Kingdom,1995,57932453
United Kingdom,1990,57134391
Myanmar,1965,24259359
South Korea,1990,42918419
South Korea,1985,40804402
South Korea,1980,38045607
South Africa,1970,22069776
South Africa,1965,19384841
South Africa,1960,17099840
Tanzania,1975,15885229
Tanzania,1970,13535481
Tanzania,1965,11634832
Italy,1965,51677257
Italy,1960,49699951
Holy See,2017,793
Holy See,2016,801
Holy See,2015,803
Egypt,2010,82761235
Egypt,2005,75523569
Egypt,2000,68831561
Iran,2019,82913906
Tokelau,2019,1340
Niue,2019,1615
Niue,2018,1620
Saint Pierre & Miquelon,2019,5822
Saint Pierre & Miquelon,2018,5849
Turkey,2019,83429615
Turkey,2018,82340088
Turkey,2017,81116450
Germany,2000,81400882
Germany,1995,81138659
Germany,1990,79053984
DR Congo,2015,76244544
DR Congo,2010,64563854
DR Congo,2005,54785903
Kenya,1975,13575907
Kenya,1970,11301394
Kenya,1965,9530173
Thailand,2017,69209810
Thailand,2016,68971308
Thailand,2015,68714511
Vietnam,2015,92677076
United Kingdom,1985,56413553
United Kingdom,1980,56209171
United Kingdom,1975,56152333
United Kingdom,1970,55573453
Myanmar,1960,21736942
Myanmar,1955,19550071
South Korea,1975,35378661
South Korea,1970,32195681
South Africa,1955,15206502
Tanzania,1960,10052152
Tanzania,1955,8729662
Italy,1955,48335578
Holy See,2010,794
Holy See,2005,798
Holy See,2000,785
Saint Helena,2019,6059
Saint Helena,2018,6035
Egypt,1995,62334034
Egypt,1990,56134475
Egypt,1985,49258732
Egypt,1980,43309063
Montserrat,2019,4989
Montserrat,2018,4993
Montserrat,2017,4984
Falkland Islands,2019,3377
Falkland Islands,2018,3234
Iran,2018,81800188
Iran,2017,80673883
Iran,2016,79563989
Tokelau,2018,1319
Tokelau,2017,1300
Niue,2017,1609
Niue,2016,1614
Niue,2015,1619
Saint Pierre & Miquelon,2017,5887
Saint Pierre & Miquelon,2016,5934
Turkey,2016,79827871
Turkey,2015,78529409
Turkey,2010,72326988
Germany,1985,77691595
Germany,1980,78283100
DR Congo,2000,47105826
DR Congo,1995,41576234
DR Congo,1990,34612023
Kenya,1960,8120080
Kenya,1955,6987658
Thailand,2010,67195028
Thailand,2005,65416189
Thailand,2000,62952642
Vietnam,2010,87967651
Vietnam,2005,83832661
Vietnam,2000,79910412
Vietnam,1995,74910461
United Kingdom,1965,54240850
United Kingdom,1960,52370602
United Kingdom,1955,51063902
South Korea,1965,28895558
Holy See,1995,780
Wallis & Futuna,2019,11432
Wallis & Futuna,2018,11661
Wallis & Futuna,2017,11900
Saint Helena,2017,6008
Saint Helena,2016,5956
Saint Helena,2015,5865
Saint Barthelemy,2019,9847
Saint Barthelemy,2018,9816
Egypt,1975,38549142
Egypt,1970,34513850
Nauru,2019,10756
Montserrat,2016,4981
Montserrat,2015,4967
Montserrat,2010,4899
Falkland Islands,2017,3068
Falkland Islands,2016,2928
Falkland Islands,2015,2834
Falkland Islands,2010,2901
Iran,2015,78492215
Iran,2010,73762519
Iran,2005,69762347
Iran,2000,65623405
Tokelau,2016,1282
Tokelau,2015,1252
Tokelau,2010,1140
Niue,2010,1618
Niue,2005,1683
Niue,2000,1899
Saint Pierre & Miquelon,2015,5993
Saint Pierre & Miquelon,2010,6353
Saint Pierre & Miquelon,2005,6123
Turkey,2005,67903469
Turkey,2000,63240194
Turkey,1995,58486456
Germany,1975,78856039
Germany,1970,78578385
Germany,1965,76258032
DR Congo,1985,29881229
DR Congo,1980,26358908
DR Congo,1975,22903581
Thailand,1995,59467274
Thailand,1990,56558186
Vietnam,1990,67988862
Vietnam,1985,60896721
Vietnam,1980,54281846
South Korea,1960,25329515
Holy See,1990,768
Holy See,1985,746
Holy See,1980,724
Wallis & Futuna,2016,12107
Wallis & Futuna,2015,12266
Wallis & Futuna,2010,12689
Saint Helena,2010,5183
Saint Helena,2005,5364
Saint Helena,2000,6049
Cook Islands,2019,17548
Cook Islands,2018,17518
Saint Barthelemy,2017,9784
Saint Barthelemy,2016,9748
Saint Barthelemy,2015,9693
Tuvalu,2019,11646
Tuvalu,2018,11508
Egypt,1965,30433022
Egypt,1960,26632894
Anguilla,2019,14869
Nauru,2018,10670
Nauru,2017,10573
Nauru,2016,10475
Caribbean Netherlands,2019,25979
Caribbean Netherlands,2018,25711
Montserrat,2005,4835
Montserrat,2000,4929
Falkland Islands,2005,2935
Falkland Islands,2000,2892
Falkland Islands,1995,2490
Iran,1995,61442664
Iran,1990,56366217
Iran,1985,47347186
Tokelau,2005,1208
Tokelau,2000,1554
Niue,1995,2165
Niue,1990,2329
Niue,1985,2719
Niue,1980,3404
Saint Pierre & Miquelon,2000,6294
Saint Pierre & Miquelon,1995,6392
Saint Pierre & Miquelon,1990,6393
Turkey,1990,53921760
Turkey,1985,49133937
Turkey,1980,43975971
Turkey,1975,39277258
Germany,1960,73414239
Germany,1955,71537459
DR Congo,1970,20011036
DR Congo,1965,17369883
DR Congo,1960,15248251
DR Congo,1955,13517513
Thailand,1985,52026901
Thailand,1980,47374472
Vietnam,1975,48718189
Vietnam,1970,43404793
Vietnam,1965,37858951
South Korea,1955,21514570
Holy See,1975,728
Holy See,1970,644
Wallis & Futuna,2005,14939
Wallis & Futuna,2000,14694
Wallis & Futuna,1995,14149
Saint Helena,1995,6247
Saint Helena,1990,6647
Saint Helena,1985,6817
British Virgin Islands,2019,30030
British Virgin Islands,2018,29802
Cook Islands,2017,17507
Cook Islands,2016,17524
Cook Islands,2015,17586
Gibraltar,2019,33701
Saint Barthelemy,2010,9234
Saint Barthelemy,2005,8553
Saint Barthelemy,2000,7427
San Marino,2019,33860
Tuvalu,2017,11370
Tuvalu,2016,11225
Tuvalu,2015,11099
Palau,2019,18008
Egypt,1955,23223124
Anguilla,2018,14731
Anguilla,2017,14584
Nauru,2015,10383
Nauru,2010,10005
Nauru,2005,9849
Caribbean Netherlands,2017,25401
Caribbean Netherlands,2016,25020
Caribbean Netherlands,2015,24570
Montserrat,1995,9848
Montserrat,1990,10615
Montserrat,1985,10792
Falkland Islands,1990,1982
Falkland Islands,1985,1850
Falkland Islands,1980,1854
Iran,1980,38650246
Iran,1975,32729772
Tokelau,1995,1517
Tokelau,1990,1608
Tokelau,1985,1709
Niue,1975,3976
Niue,1970,5135
Niue,1965,5098
Saint Pierre & Miquelon,1985,6024
Saint Pierre & Miquelon,1980,6131
Turkey,1970,34876303
Turkey,1965,30972994
Turkey,1960,27472345
Thailand,1975,42326312
Thailand,1970,36884536
Thailand,1965,31822660
Vietnam,1960,32670039
Vietnam,1955,28147443
Holy See,1965,854
Holy See,1960,906
Holy See,1955,908
Wallis & Futuna,1990,13800
Wallis & Futuna,1985,13622
Wallis & Futuna,1980,11231
Wallis & Futuna,1975,9320
Liechtenstein,2019,38019
Liechtenstein,2018,37910
Liechtenstein,2017,37800
Saint Martin,2019,38002
Saint Martin,2018,37264
Turks and Caicos,2019,38191
Turks and Caicos,2018,37665
Turks and Caicos,2017,37115
Saint Helena,1980,6582
Saint Helena,1975,6235
Saint Helena,1970,5692
Monaco,2019,38964
Monaco,2018,38682
British Virgin Islands,2017,29577
British Virgin Islands,2016,29355
British Virgin Islands,2015,29152
Cook Islands,2010,18391
Cook Islands,2005,19074
Cook Islands,2000,17930
Cook Islands,1995,19097
Gibraltar,2018,33718
Gibraltar,2017,33728
Gibraltar,2016,33737
Saint Barthelemy,1995,6367
Saint Barthelemy,1990,5339
Saint Barthelemy,1985,3368
Saint Barthelemy,1980,3082
San Marino,2018,33785
San Marino,2017,33671
San Marino,2016,33504
San Marino,2015,33272
Tuvalu,2010,10530
Tuvalu,2005,10000
Tuvalu,2000,9394
Tuvalu,1995,9298
Palau,2018,17907
Palau,2017,17808
Palau,2016,17725
Anguilla,2016,14429
Anguilla,2015,14279
Anguilla,2010,13438
Nauru,2000,10337
Nauru,1995,10628
Nauru,1990,9505
Nauru,1985,8501
Caribbean Netherlands,2010,20940
Caribbean Netherlands,2005,14403
Caribbean Netherlands,2000,14393
Montserrat,1980,11607
Montserrat,1975,11580
Montserrat,1970,11534
Montserrat,1965,11726
Falkland Islands,1975,1903
Falkland Islands,1970,1992
Falkland Islands,1965,2078
Falkland Islands,1960,2150
Iran,1970,28513866
Iran,1965,24954873
Iran,1960,21906914
Iran,1955,19294127
Tokelau,1980,1553
Tokelau,1975,1572
Tokelau,1970,1621
Tokelau,1965,1922
Niue,1960,4826
Niue,1955,4694
Saint Pierre & Miquelon,1975,6006
Saint Pierre & Miquelon,1970,5552
Saint Pierre & Miquelon,1965,5173
Saint Pierre & Miquelon,1960,4971
Turkey,1955,24270600
Thailand,1960,27397207
Thailand,1955,23711132
Wallis & Futuna,1970,8853
Wallis & Futuna,1965,8724
Wallis & Futuna,1960,8157
Liechtenstein,2016,37658
Liechtenstein,2015,37470
Liechtenstein,2010,35994
Saint Martin,2017,36560
Saint Martin,2016,36065
Saint Martin,2015,35858
Turks and Caicos,2016,36559
Turks and Caicos,2015,35981
Turks and Caicos,2010,32660
Turks and Caicos,2005,28180
Saint Helena,1965,5328
Saint Helena,1960,5364
Saint Helena,1955,5345
Monaco,2017,38392
Monaco,2016,38070
Monaco,2015,37718
Monaco,2010,35612
British Virgin Islands,2010,27794
British Virgin Islands,2005,23107
British Virgin Islands,2000,20311
Cook Islands,1990,18191
Cook Islands,1985,17603
Cook Islands,1980,17512
Cook Islands,1975,20234
Sint Maarten,2019,42388
Sint Maarten,2018,41940
Sint Maarten,2017,41444
Faeroe Islands,2019,48678
Faeroe Islands,2018,48497
Saint Kitts & Nevis,2019,52823
Saint Kitts & Nevis,2018,52441
Gibraltar,2015,33736
Gibraltar,2010,33585
Gibraltar,2005,33219
Gibraltar,2000,31077
American Samoa,2019,55312
American Samoa,2018,55465
American Samoa,2017,55620
Saint Barthelemy,1975,2610
Saint Barthelemy,1970,2343
Saint Barthelemy,1965,2382
San Marino,2010,31229
San Marino,2005,29324
San Marino,2000,27462
Tuvalu,1990,8913
Tuvalu,1985,8219
Tuvalu,1980,7637
Tuvalu,1975,6060
Palau,2015,17665
Palau,2010,17955
Palau,2005,19781
Palau,2000,19105
Anguilla,2005,12453
Anguilla,2000,11252
Anguilla,1995,9866
Nauru,1980,7741
Nauru,1975,7175
Nauru,1970,6552
Caribbean Netherlands,1995,15107
Caribbean Netherlands,1990,13019
Caribbean Netherlands,1985,12025
Montserrat,1960,11957
Montserrat,1955,14233
Falkland Islands,1955,2204
Tokelau,1960,1873
Tokelau,1955,1607
Saint Pierre & Miquelon,1955,4755
Wallis & Futuna,1955,7669
Liechtenstein,2005,34713
Liechtenstein,2000,33184
Liechtenstein,1995,30880
Saint Martin,2010,37582
Saint Martin,2005,34248
Saint Martin,2000,28935
Saint Martin,1995,27321
Turks and Caicos,2000,20164
Turks and Caicos,1995,16216
Turks and Caicos,1990,12111
Turks and Caicos,1985,9970
Monaco,2005,33843
Monaco,2000,32147
Monaco,1995,30716
Monaco,1990,29438
British Virgin Islands,1995,19313
British Virgin Islands,1990,17489
British Virgin Islands,1985,13956
Greenland,2019,56672
Greenland,2018,56564
Northern Mariana Islands,2019,57216
Northern Mariana Islands,2018,56882
Northern Mariana Islands,2017,56562
Cook Islands,1970,21302
Cook Islands,1965,18894
Cook Islands,1960,18212
Marshall Islands,2019,58791
Marshall Islands,2018,58413
Marshall Islands,2017,58058
Bermuda,2019,62506
Bermuda,2018,62756
Sint Maarten,2016,40808
Sint Maarten,2015,39968
Sint Maarten,2010,34168
Sint Maarten,2005,33434
Faeroe Islands,2017,48331
Faeroe Islands,2016,48173
Faeroe Islands,2015,48051
Saint Kitts & Nevis,2017,52045
Saint Kitts & Nevis,2016,51625
Saint Kitts & Nevis,2015,51203
Gibraltar,1995,28692
Gibraltar,1990,29147
Gibraltar,1985,29154
American Samoa,2016,55741
American Samoa,2015,55812
American Samoa,2010,56079
Saint Barthelemy,1960,2304
Saint Barthelemy,1955,2245
San Marino,1995,25928
San Marino,1990,24125
San Marino,1985,22798
Tuvalu,1970,5735
Tuvalu,1965,5386
Tuvalu,1960,5323
Palau,1995,17164
Palau,1990,15058
Palau,1985,13528
Anguilla,1990,8899
Anguilla,1985,7293
Anguilla,1980,7285
Nauru,1965,5856
Nauru,1960,4375
Nauru,1955,3819
Caribbean Netherlands,1980,11210
Caribbean Netherlands,1975,11027
Caribbean Netherlands,1970,10359
Liechtenstein,1990,28789
Liechtenstein,1985,27288
Liechtenstein,1980,25879
Liechtenstein,1975,23438
Saint Martin,1990,31520
Saint Martin,1985,11061
Saint Martin,1980,8771
Turks and Caicos,1980,7888
Turks and Caicos,1975,6827
Turks and Caicos,1970,5841
Turks and Caicos,1965,5823
Monaco,1985,28832
Monaco,1980,26745
Monaco,1975,25198
Monaco,1970,23484
British Virgin Islands,1980,11478
British Virgin Islands,1975,10699
British Virgin Islands,1970,9827
British Virgin Islands,1965,8830
Greenland,2017,56481
Greenland,2016,56412
Greenland,2015,56377
Greenland,2010,56638
Cayman Islands,2019,64948
Cayman Islands,2018,64174
Northern Mariana Islands,2016,56188
Northern Mariana Islands,2015,55780
Northern Mariana Islands,2010,53971
Cook Islands,1955,16347
Dominica,2019,71808
Dominica,2018,71625
Andorra,2019,77142
Andorra,2018,77006
Marshall Islands,2016,57735
Marshall Islands,2015,57439
Marshall Islands,2010,56366
Bermuda,2017,63049
Bermuda,2016,63362
Bermuda,2015,63692
Isle of Man,2019,84584
Isle of Man,2018,84077
Isle of Man,2017,83598
Sint Maarten,2000,32564
Sint Maarten,1995,31160
Sint Maarten,1990,28812
Faeroe Islands,2010,47814
Faeroe Islands,2005,47722
Faeroe Islands,2000,46735
Saint Kitts & Nevis,2010,49016
Saint Kitts & Nevis,2005,46857
Saint Kitts & Nevis,2000,44074
Gibraltar,1980,30065
Gibraltar,1975,30067
Gibraltar,1970,28606
Gibraltar,1965,26073
American Samoa,2005,59562
American Samoa,2000,57821
American Samoa,1995,53161
American Samoa,1990,47347
San Marino,1980,21459
San Marino,1975,19831
San Marino,1970,19221
Tuvalu,1955,5069
Palau,1980,12179
Palau,1975,12904
Palau,1970,11811
Anguilla,1975,7159
Anguilla,1970,6771
Anguilla,1965,6361
Caribbean Netherlands,1965,9134
Caribbean Netherlands,1960,8074
Caribbean Netherlands,1955,7670
Liechtenstein,1970,21266
Liechtenstein,1965,18649
Liechtenstein,1960,16493
Saint Martin,1975,6881
Saint Martin,1970,5712
Saint Martin,1965,4468
Turks and Caicos,1960,5824
Turks and Caicos,1955,5238
Monaco,1965,23282
Monaco,1960,22452
Monaco,1955,19655
British Virgin Islands,1960,8048
British Virgin Islands,1955,7679
Greenland,2005,56951
Greenland,2000,56175
Greenland,1995,55811
Cayman Islands,2017,63382
Cayman Islands,2016,62569
Cayman Islands,2015,61724
Antigua and Barbuda,2020,97929
Antigua and Barbuda,2019,97118
Antigua and Barbuda,2018,96286
Northern Mariana Islands,2005,56542
Northern Mariana Islands,2000,57453
Northern Mariana Islands,1995,45870
Seychelles,2020,98347
Seychelles,2019,97739
Seychelles,2018,97096
U.S. Virgin Islands,2020,104425
U.S. Virgin Islands,2019,104578
U.S. Virgin Islands,2018,104680
Tonga,2020,105695
Tonga,2019,104494
Dominica,2017,71458
Dominica,2016,71307
Dominica,2015,71183
Andorra,2017,77001
Andorra,2016,77297
Andorra,2015,78011
Marshall Islands,2005,55258
Marshall Islands,2000,50753
Marshall Islands,1995,50457
Bermuda,2010,65389
Bermuda,2005,66257
Bermuda,2000,65012
Bermuda,1995,63442
Isle of Man,2016,83287
Isle of Man,2015,83234
Isle of Man,2010,84857
Sint Maarten,1985,19123
Sint Maarten,1980,13100
Sint Maarten,1975,9557
Faeroe Islands,1995,45625
Faeroe Islands,1990,47274
Faeroe Islands,1985,45330
Saint Kitts & Nevis,1995,42074
Saint Kitts & Nevis,1990,40259
Saint Kitts & Nevis,1985,41866
Gibraltar,1960,23420
Gibraltar,1955,22788
American Samoa,1985,39519
American Samoa,1980,32646
American Samoa,1975,30052
San Marino,1965,17513
San Marino,1960,15432
San Marino,1955,13789
Palau,1965,11003
Palau,1960,9771
Palau,1955,8322
Anguilla,1960,6032
Anguilla,1955,5783
Liechtenstein,1955,14830
Saint Martin,1960,3893
Saint Martin,1955,3408
Greenland,1990,55604
Greenland,1985,53190
Greenland,1980,50179
Greenland,1975,49586
Cayman Islands,2010,56672
Cayman Islands,2005,49261
Cayman Islands,2000,42303
St. Vincent & Grenadines,2020,110940
St. Vincent & Grenadines,2019,110589
Antigua and Barbuda,2017,95426
Antigua and Barbuda,2016,94527
Antigua and Barbuda,2015,93566
Antigua and Barbuda,2010,88028
Grenada,2020,112523
Grenada,2019,112003
Grenada,2018,111454
Northern Mariana Islands,1990,45752
Northern Mariana Islands,1985,28720
Northern Mariana Islands,1980,16633
Northern Mariana Islands,1975,14924
Kiribati,2020,119449
Kiribati,2019,117606
Seychelles,2017,96418
Seychelles,2016,95710
Seychelles,2015,94978
Seychelles,2010,91264
U.S. Virgin Islands,2017,104751
U.S. Virgin Islands,2016,104835
U.S. Virgin Islands,2015,104958
Tonga,2018,103197
Tonga,2017,101998
Tonga,2016,101133
Tonga,2015,100781
Dominica,2010,70878
Dominica,2005,70589
Dominica,2000,69650
Andorra,2010,84449
Andorra,2005,78867
Andorra,2000,65390
Marshall Islands,1990,47271
Marshall Islands,1985,38333
Marshall Islands,1980,30576
Bermuda,1990,61634
Bermuda,1985,59602
Bermuda,1980,57573
Bermuda,1975,55400
Isle of Man,2005,80305
Isle of Man,2000,76941
Isle of Man,1995,72131
Sint Maarten,1970,6864
Sint Maarten,1965,4459
Sint Maarten,1960,2833
Sint Maarten,1955,2108
Faeroe Islands,1980,43337
Faeroe Islands,1975,41299
Faeroe Islands,1970,39009
Saint Kitts & Nevis,1980,43205
Saint Kitts & Nevis,1975,44272
Saint Kitts & Nevis,1970,44883
American Samoa,1970,27363
American Samoa,1965,23672
American Samoa,1960,20123
Greenland,1970,46074
Greenland,1965,37964
Greenland,1960,31239
Cayman Islands,1995,32166
Cayman Islands,1990,25312
Cayman Islands,1985,19467
Curaçao,2020,164093
Curaçao,2019,163424
St. Vincent & Grenadines,2018,110211
St. Vincent & Grenadines,2017,109827
St. Vincent & Grenadines,2016,109459
Aruba,2020,106766
Guam,2020,168775
Guam,2019,167294
Antigua and Barbuda,2005,81465
Antigua and Barbuda,2000,76016
Antigua and Barbuda,1995,68670
Channel Islands,2020,173863
Channel Islands,2019,172259
Channel Islands,2018,170499
Grenada,2017,110874
Grenada,2016,110261
Grenada,2015,109599
Saint Lucia,2020,183627
Saint Lucia,2019,182790
Northern Mariana Islands,1970,12994
Northern Mariana Islands,1965,11022
Northern Mariana Islands,1960,9979
Kiribati,2018,115847
Kiribati,2017,114158
Kiribati,2016,112524
Seychelles,2005,88648
Seychelles,2000,80996
Seychelles,1995,76649
Seychelles,1990,70570
U.S. Virgin Islands,2010,106087
U.S. Virgin Islands,2005,107794
U.S. Virgin Islands,2000,108722
U.S. Virgin Islands,1995,107392
Tonga,2010,103986
Tonga,2005,100905
Tonga,2000,97973
Dominica,1995,71098
Dominica,1990,70419
Dominica,1985,73201
Andorra,1995,63850
Andorra,1990,54509
Andorra,1985,44600
Andorra,1980,36067
Marshall Islands,1975,25576
Marshall Islands,1970,20395
Marshall Islands,1965,17284
Bermuda,1970,52565
Bermuda,1965,49388
Bermuda,1960,44979
Isle of Man,1990,70298
Isle of Man,1985,64278
Isle of Man,1980,63551
Faeroe Islands,1965,36847
Faeroe Islands,1960,34615
Faeroe Islands,1955,32481
Saint Kitts & Nevis,1965,49214
Saint Kitts & Nevis,1960,51195
Saint Kitts & Nevis,1955,48492
American Samoa,1955,19754
Greenland,1955,25846
Cayman Islands,1980,16212
Cayman Islands,1975,12244
Cayman Islands,1970,9144
Curaçao,2018,162752
Curaçao,2017,161997
Curaçao,2016,161052
St. Vincent & Grenadines,2015,109148
St. Vincent & Grenadines,2010,108255
St. Vincent & Grenadines,2005,108614
Aruba,2019,106314
Aruba,2018,105845
Aruba,2017,105366
Guam,2018,165768
Guam,2017,164281
Guam,2016,162951
Antigua and Barbuda,1990,62528
Antigua and Barbuda,1985,61786
Antigua and Barbuda,1980,61865
Antigua and Barbuda,1975,62675
Channel Islands,2017,168665
Channel Islands,2016,166923
Channel Islands,2015,165385
Grenada,2010,106233
Grenada,2005,104661
Grenada,2000,102833
Saint Lucia,2018,181889
Saint Lucia,2017,180954
Saint Lucia,2016,180024
Samoa,2020,198414
Samoa,2019,197097
Sao Tome & Principe,2020,219159
Northern Mariana Islands,1955,7985
Mayotte,2020,272815
Mayotte,2019,266150
Kiribati,2015,110930
Kiribati,2010,102927
Kiribati,2005,92325
Seychelles,1985,69775
Seychelles,1980,66244
Seychelles,1975,59585
U.S. Virgin Islands,1990,103756
U.S. Virgin Islands,1985,105280
U.S. Virgin Islands,1980,99080
Tonga,1995,95976
Tonga,1990,95069
Tonga,1985,93896
Dominica,1980,75314
Dominica,1975,72094
Dominica,1970,71073
Andorra,1975,30705
Andorra,1970,24276
Andorra,1965,18549
Marshall Islands,1960,14662
Marshall Islands,1955,13894
Bermuda,1955,40708
Isle of Man,1975,59478
Isle of Man,1970,55425
Isle of Man,1965,50141
Cayman Islands,1965,8369
Cayman Islands,1960,7865
Cayman Islands,1955,6677
Curaçao,2015,159847
Curaçao,2010,149192
Curaçao,2005,130130
St. Vincent & Grenadines,2000,107784
St. Vincent & Grenadines,1995,108035
St. Vincent & Grenadines,1990,107484
Aruba,2016,104872
Aruba,2015,104341
Guam,2015,161853
Guam,2010,159444
Guam,2005,158402
Guam,2000,155329
Antigua and Barbuda,1970,64177
Antigua and Barbuda,1965,58698
Antigua and Barbuda,1960,54131
Channel Islands,2010,159734
Channel Islands,2005,151678
Channel Islands,2000,148443
French Polynesia,2020,280908
French Polynesia,2019,279287
Barbados,2020,287375
Barbados,2019,287025
Grenada,1995,100288
Grenada,1990,96331
Grenada,1985,99946
Vanuatu,2020,307145
Vanuatu,2019,299882
Vanuatu,2018,292680
Vanuatu,2017,285510
Saint Lucia,2015,179126
Saint Lucia,2010,174085
Saint Lucia,2005,163417
Saint Lucia,2000,156729
Samoa,2018,196129
Samoa,2017,195352
Samoa,2016,194535
Sao Tome & Principe,2019,215056
Sao Tome & Principe,2018,211028
Sao Tome & Principe,2017,207089
Sao Tome & Principe,2016,203227
Mayotte,2018,259531
Mayotte,2017,252957
Mayotte,2016,246450
Kiribati,2000,84396
Kiribati,1995,77723
Kiribati,1990,72400
Seychelles,1970,52368
Seychelles,1965,46782
Seychelles,1960,41603
U.S. Virgin Islands,1975,86470
U.S. Virgin Islands,1970,64726
U.S. Virgin Islands,1965,50233
Tonga,1980,92971
Tonga,1975,88318
Tonga,1970,84351
Dominica,1965,65038
Dominica,1960,60011
Dominica,1955,54560
Andorra,1960,13411
Andorra,1955,9232
Isle of Man,1960,48442
Isle of Man,1955,52408
Curaçao,2000,132140
Curaçao,1995,143882
Curaçao,1990,146670
St. Vincent & Grenadines,1985,104506
St. Vincent & Grenadines,1980,100566
St. Vincent & Grenadines,1975,95662
Aruba,2010,101669
Aruba,2005,100031
Aruba,2000,90853
Guam,1995,145561
Guam,1990,130482
Guam,1985,116572
Guam,1980,104133
Antigua and Barbuda,1955,49648
Channel Islands,1995,143484
Channel Islands,1990,140671
Channel Islands,1985,133808
Channel Islands,1980,128212
New Caledonia,2020,285498
New Caledonia,2019,282750
French Polynesia,2018,277679
French Polynesia,2017,276102
French Polynesia,2016,274575
Iceland,2020,341243
Iceland,2019,339031
Barbados,2018,286641
Barbados,2017,286232
Martinique,2020,375265
Martinique,2019,375554
Martinique,2018,375673
Grenada,1980,89032
Grenada,1975,92494
Grenada,1970,94475
Bahamas,2020,393244
Bahamas,2019,389482
French Guiana,2020,298682
French Guiana,2019,290832
Vanuatu,2016,278330
Vanuatu,2015,271130
Vanuatu,2010,236211
Saint Lucia,1995,146870
Saint Lucia,1990,138020
Saint Lucia,1985,126244
Samoa,2015,193513
Samoa,2010,185949
Samoa,2005,179727
Sao Tome & Principe,2015,199432
Sao Tome & Principe,2010,180371
Sao Tome & Principe,2005,157472
Sao Tome & Principe,2000,142262
Mayotte,2015,240020
Mayotte,2010,208718
Mayotte,2005,178098
Kiribati,1985,63986
Kiribati,1980,59301
Kiribati,1975,55114
Seychelles,1955,38955
U.S. Virgin Islands,1960,33135
U.S. Virgin Islands,1955,29682
Tonga,1965,74345
Tonga,1960,61577
Tonga,1955,55322
Curaçao,1985,150377
Curaçao,1980,147996
Curaçao,1975,150258
St. Vincent & Grenadines,1970,90509
St. Vincent & Grenadines,1965,86011
St. Vincent & Grenadines,1960,80977
Aruba,1995,80324
Aruba,1990,62149
Aruba,1985,63026
Aruba,1980,60096
Guam,1975,93352
Guam,1970,83877
Guam,1965,74830
Channel Islands,1975,126415
Channel Islands,1970,121197
Channel Islands,1965,114995
New Caledonia,2018,279993
New Caledonia,2017,277150
New Caledonia,2016,274191
New Caledonia,2015,271065
French Polynesia,2015,273124
French Polynesia,2010,266455
French Polynesia,2005,258780
Belize,2020,397628
Belize,2019,390353
Iceland,2018,336713
Iceland,2017,334393
Iceland,2016,332206
Iceland,2015,330243
Brunei ,2020,437479
Brunei ,2019,433285
Barbados,2016,285796
Barbados,2015,285324
Barbados,2010,282131
Martinique,2017,375948
Martinique,2016,376791
Martinique,2015,378478
Grenada,1965,94636
Grenada,1960,89932
Bahamas,2018,385637
Bahamas,2017,381755
Bahamas,2016,377930
French Guiana,2018,282938
French Guiana,2017,275191
French Guiana,2016,267821
Vanuatu,2005,209282
Vanuatu,2000,184972
Vanuatu,1995,168158
Saint Lucia,1980,117822
Saint Lucia,1975,109627
Saint Lucia,1970,104015
Samoa,2000,174454
Samoa,1995,170054
Samoa,1990,162803
Sao Tome & Principe,1995,131678
Sao Tome & Principe,1990,119209
Sao Tome & Principe,1985,104924
Mayotte,2000,150331
Mayotte,1995,123181
Mayotte,1990,94784
Kiribati,1970,51151
Kiribati,1965,46429
Kiribati,1960,41202
Curaçao,1970,143634
Curaçao,1965,133878
Curaçao,1960,126941
St. Vincent & Grenadines,1955,73554
Aruba,1975,60657
Aruba,1970,59063
Aruba,1965,57360
Guam,1960,66742
Guam,1955,62641
Channel Islands,1960,109420
Channel Islands,1955,105609
Malta,2020,441543
Malta,2019,440372
Guadeloupe,2020,400124
Guadeloupe,2019,400056
New Caledonia,2010,253527
New Caledonia,2005,236442
New Caledonia,2000,217269
Maldives,2020,540544
Maldives,2019,530953
Micronesia,,
Micronesia,,
French Polynesia,2000,240686
French Polynesia,1995,218071
French Polynesia,1990,199905
Cabo Verde,2020,555987
Cabo Verde,2019,549935
Belize,2018,383071
Belize,2017,375769
Belize,2016,368400
Suriname,2020,586632
Suriname,2019,581372
Suriname,2018,575990
Iceland,2010,320328
Iceland,2005,294979
Iceland,2000,280435
Brunei ,2018,428963
Brunei ,2017,424473
Brunei ,2016,419800
Barbados,2005,276323
Barbados,2000,271515
Barbados,1995,265955
Martinique,2010,394663
Martinique,2005,397190
Martinique,2000,387004
Martinique,1995,368732
Grenada,1955,81103
Bahamas,2015,374206
Bahamas,2010,354942
Bahamas,2005,324859
Bahamas,2000,298051
French Guiana,2015,260999
French Guiana,2010,233002
French Guiana,2005,202971
French Guiana,2000,163165
Vanuatu,1990,146573
Vanuatu,1985,129984
Vanuatu,1980,115597
Vanuatu,1975,99859
Saint Lucia,1965,96134
Saint Lucia,1960,89697
Saint Lucia,1955,86477
Samoa,1985,159990
Samoa,1980,155525
Samoa,1975,151359
Samoa,1970,143149
Sao Tome & Principe,1980,95794
Sao Tome & Principe,1975,83138
Sao Tome & Principe,1970,74564
Sao Tome & Principe,1965,64892
Mayotte,1985,72104
Mayotte,1980,55137
Mayotte,1975,45483
Kiribati,1955,36573
Curaçao,1955,116916
Aruba,1960,54211
Aruba,1955,43724
Malta,2018,439248
Malta,2017,437933
Malta,2016,436097
Guadeloupe,2018,399848
Guadeloupe,2017,399672
Guadeloupe,2016,399763
New Caledonia,1995,193293
New Caledonia,1990,170336
New Caledonia,1985,155982
Maldives,2018,515696
Maldives,2017,496402
Maldives,2016,475512
Micronesia,,
Micronesia,,
Micronesia,,
Western Sahara,2020,597339
French Polynesia,1985,177027
French Polynesia,1980,153301
French Polynesia,1975,131233
Luxembourg,2020,625978
Luxembourg,2019,615729
Cabo Verde,2018,543767
Cabo Verde,2017,537498
Cabo Verde,2016,531146
Belize,2015,360933
Belize,2010,322464
Belize,2005,283800
Suriname,2017,570496
Suriname,2016,564888
Suriname,2015,559143
Iceland,1995,267629
Iceland,1990,255043
Iceland,1985,241582
Brunei ,2015,414907
Brunei ,2010,388646
Barbados,1990,260936
Barbados,1985,256263
Barbados,1980,252394
Martinique,1990,358449
Martinique,1985,339876
Martinique,1980,325454
Bahamas,1995,280184
Bahamas,1990,256223
Bahamas,1985,234578
French Guiana,1995,137400
French Guiana,1990,115784
French Guiana,1985,86439
Vanuatu,1970,85377
Vanuatu,1965,74270
Vanuatu,1960,63689
Vanuatu,1955,54921
Samoa,1965,127054
Samoa,1960,108629
Samoa,1955,94178
Sao Tome & Principe,1960,64302
Sao Tome & Principe,1955,58806
Mayotte,1970,36969
Mayotte,1965,30526
Mayotte,1960,24015
Malta,2015,433559
Malta,2010,414253
Malta,2005,404653
Guadeloupe,2015,400255
Guadeloupe,2010,406071
Guadeloupe,2005,402904
New Caledonia,1980,145144
New Caledonia,1975,130264
New Caledonia,1970,105324
Montenegro,2020,628066
Maldives,2015,454915
Maldives,2010,365734
Maldives,2005,319608
Macao,2020,649335
Macao,2019,640445
Bhutan,2020,771608
Bhutan,2019,763092
Bhutan,2018,754388
Comoros,2020,869601
Comoros,2019,850886
Micronesia,,
Micronesia,,
Western Sahara,2019,582463
Western Sahara,2018,567402
Western Sahara,2017,552615
Western Sahara,2016,538749
French Polynesia,1970,110495
French Polynesia,1965,93438
French Polynesia,1960,78076
Luxembourg,2018,604245
Luxembourg,2017,591910
Luxembourg,2016,579264
Luxembourg,2015,566741
Cabo Verde,2015,524743
Cabo Verde,2010,492654
Cabo Verde,2005,463032
Belize,2000,247315
Belize,1995,206963
Belize,1990,187552
Suriname,2010,529131
Suriname,2005,499464
Suriname,2000,470949
Iceland,1980,228262
Iceland,1975,218070
Iceland,1970,204426
Iceland,1965,192313
Brunei ,2005,365114
Brunei ,2000,333165
Brunei ,1995,297114
Brunei ,1990,258721
Barbados,1975,246154
Barbados,1970,238896
Barbados,1965,235413
Martinique,1975,327838
Martinique,1970,325011
Martinique,1965,311127
Martinique,1960,281622
Bahamas,1980,210591
Bahamas,1975,188896
Bahamas,1970,169377
French Guiana,1980,66977
French Guiana,1975,56223
French Guiana,1970,47930
Mayotte,1955,18985
Malta,2000,393645
Malta,1995,376896
Malta,1990,362015
Guadeloupe,2000,422051
Guadeloupe,1995,403738
Guadeloupe,1990,389249
New Caledonia,1965,91200
New Caledonia,1960,78056
New Caledonia,1955,67748
Montenegro,2019,627987
Montenegro,2018,627809
Montenegro,2017,627563
Maldives,2000,279398
Maldives,1995,254139
Maldives,1990,223158
Macao,2018,631636
Macao,2017,622585
Macao,2016,612836
Bhutan,2017,745563
Bhutan,2016,736708
Bhutan,2015,727876
Comoros,2018,832322
Comoros,2017,813892
Comoros,2016,795592
Réunion,2020,895312
Réunion,2019,888927
Solomon Islands,2020,686884
Solomon Islands,2019,669823
Guyana,2020,786552
Western Sahara,2015,526216
Western Sahara,2010,480274
Western Sahara,2005,437515
Fiji,2020,896445
Fiji,2019,889953
French Polynesia,1955,68854
Luxembourg,2010,507889
Luxembourg,2005,457842
Luxembourg,2000,436103
Cabo Verde,2000,428188
Cabo Verde,1995,386284
Cabo Verde,1990,337950
Belize,1985,164921
Belize,1980,144155
Suriname,1995,441851
Suriname,1990,405168
Suriname,1985,368638
Iceland,1960,175592
Iceland,1955,157642
Brunei ,1985,224449
Brunei ,1980,193879
Brunei ,1975,161626
Barbados,1960,230980
Barbados,1955,227138
Martinique,1955,245675
Bahamas,1965,140059
Bahamas,1960,109534
Bahamas,1955,88631
French Guiana,1965,38892
French Guiana,1960,32032
French Guiana,1955,28490
Malta,1985,346250
Malta,1980,331497
Malta,1975,322356
Guadeloupe,1985,342730
Guadeloupe,1980,336685
Guadeloupe,1975,328493
Montenegro,2016,627264
Montenegro,2015,626956
Montenegro,2010,624275
Maldives,1985,189537
Maldives,1980,158272
Maldives,1975,136417
Maldives,1970,115691
Macao,2015,602085
Macao,2010,538219
Macao,2005,482858
Bhutan,2010,685503
Bhutan,2005,648739
Bhutan,2000,591021
Djibouti,2020,988000
Djibouti,2019,973560
Eswatini,2020,1160164
Eswatini,2019,1148130
Eswatini,2018,1136281
Cyprus,2020,1207359
Cyprus,2019,1198575
Comoros,2015,777424
Comoros,2010,689692
Mauritius,2020,1271768
Réunion,2018,882526
Réunion,2017,876134
Réunion,2016,869743
Réunion,2015,863363
Solomon Islands,2018,652857
Solomon Islands,2017,636039
Solomon Islands,2016,619438
Guyana,2019,782766
Guyana,2018,779006
Guyana,2017,775222
Western Sahara,2000,314118
Western Sahara,1995,255634
Western Sahara,1990,217258
Western Sahara,1985,182421
Fiji,2018,883483
Fiji,2017,877459
Fiji,2016,872399
Luxembourg,1995,408149
Luxembourg,1990,381791
Luxembourg,1985,366884
Luxembourg,1980,364038
Cabo Verde,1985,311678
Cabo Verde,1980,283847
Cabo Verde,1975,270247
Belize,1975,133260
Belize,1970,122182
Belize,1965,106119
Belize,1960,92064
Suriname,1980,359519
Suriname,1975,359226
Suriname,1970,367931
Brunei ,1970,129529
Brunei ,1965,102386
Brunei ,1960,81702
Malta,1970,320545
Malta,1965,322242
Malta,1960,312973
Malta,1955,313526
Guadeloupe,1970,321883
Guadeloupe,1965,300056
Guadeloupe,1960,275161
Montenegro,2005,616391
Montenegro,2000,613559
Montenegro,1995,620418
Montenegro,1990,615002
Maldives,1965,102718
Maldives,1960,89863
Maldives,1955,79703
Macao,2000,427782
Macao,1995,385513
Macao,1990,343808
Timor-Leste,2020,1318445
Timor-Leste,2019,1293119
Bhutan,1995,534620
Bhutan,1990,530804
Bhutan,1985,464266
Bhutan,1980,406875
Djibouti,2018,958923
Djibouti,2017,944099
Djibouti,2016,929112
Estonia,2020,1326535
Estonia,2019,1325648
Eswatini,2017,1124805
Eswatini,2016,1113997
Eswatini,2015,1104044
Eswatini,2010,1064837
Cyprus,2018,1189265
Cyprus,2017,1179678
Trinidad and Tobago,2020,1399488
Trinidad and Tobago,2019,1394973
Comoros,2005,611627
Comoros,2000,542357
Comoros,1995,475394
Comoros,1990,411594
Equatorial Guinea,2020,1402985
Equatorial Guinea,2019,1355986
Mauritius,2019,1269668
Mauritius,2018,1267185
Mauritius,2017,1264499
Réunion,2010,830519
Réunion,2005,791598
Réunion,2000,736710
Solomon Islands,2015,603118
Solomon Islands,2010,527861
Solomon Islands,2005,469918
Solomon Islands,2000,412660
Guyana,2016,771368
Guyana,2015,767432
Guyana,2010,749436
Western Sahara,1980,150877
Western Sahara,1975,74954
Western Sahara,1970,76874
Fiji,2015,868627
Fiji,2010,859818
Fiji,2005,821604
Fiji,2000,811006
Luxembourg,1975,353983
Luxembourg,1970,339668
Luxembourg,1965,330161
Luxembourg,1960,314588
Cabo Verde,1970,268627
Cabo Verde,1965,230418
Belize,1955,79870
Suriname,1965,328936
Suriname,1960,287871
Suriname,1955,249000
Brunei ,1955,63356
Guadeloupe,1955,236064
Montenegro,1985,614016
Montenegro,1980,580754
Montenegro,1975,554262
Macao,1985,283503
Macao,1980,238071
Macao,1975,241628
Macao,1970,246194
Timor-Leste,2018,1267974
Timor-Leste,2017,1243258
Timor-Leste,2016,1219288
Timor-Leste,2015,1196302
Bhutan,1975,348396
Bhutan,1970,297316
Bhutan,1965,253994
Bahrain,2020,1701575
Bahrain,2019,1641172
Bahrain,2018,1569446
Djibouti,2015,913993
Djibouti,2010,840198
Djibouti,2005,783254
Estonia,2018,1322920
Estonia,2017,1319390
Estonia,2016,1316510
Estonia,2015,1315325
Latvia,2020,1886198
Latvia,2019,1906743
Guinea-Bissau,2020,1968001
Guinea-Bissau,2019,1920922
Guinea-Bissau,2018,1874303
Eswatini,2005,1030579
Eswatini,2000,1005435
Eswatini,1995,926841
Slovenia,2020,2078938
Slovenia,2019,2078654
Cyprus,2016,1170187
Cyprus,2015,1160985
Cyprus,2010,1112612
Cyprus,2005,1027662
Trinidad and Tobago,2018,1389843
Trinidad and Tobago,2017,1384059
Trinidad and Tobago,2016,1377560
Comoros,1985,355337
Comoros,1980,307829
Comoros,1975,257290
Comoros,1970,230054
Equatorial Guinea,2018,1308975
Equatorial Guinea,2017,1262002
Equatorial Guinea,2016,1215180
Mauritius,2016,1261865
Mauritius,2015,1259456
Mauritius,2010,1247955
Mauritius,2005,1222003
Réunion,1995,673541
Réunion,1990,610582
Réunion,1985,558699
Solomon Islands,1995,359281
Solomon Islands,1990,311866
Solomon Islands,1985,270788
Guyana,2005,746163
Guyana,2000,746715
Guyana,1995,761291
Western Sahara,1965,50970
Western Sahara,1960,32761
Western Sahara,1955,21147
Fiji,1995,775425
Fiji,1990,728573
Fiji,1985,711775
Fiji,1980,635307
Luxembourg,1955,305261
Cabo Verde,1960,201765
Cabo Verde,1955,197195
Montenegro,1970,519696
Montenegro,1965,533814
Montenegro,1960,487413
Macao,1965,203228
Macao,1960,167791
Macao,1955,189460
Timor-Leste,2010,1093523
Timor-Leste,2005,995135
Timor-Leste,2000,884366
Bhutan,1960,223288
Bhutan,1955,197457
Bahrain,2017,1494076
Bahrain,2016,1425792
Bahrain,2015,1371851
North Macedonia,2020,2083374
North Macedonia,2019,2083459
North Macedonia,2018,2082957
Djibouti,2000,717584
Djibouti,1995,630388
Djibouti,1990,590398
Djibouti,1985,425613
Gabon,2020,2225734
Gabon,2019,2172579
Botswana,2020,2351627
Botswana,2019,2303697
Estonia,2010,1332101
Estonia,2005,1355648
Estonia,2000,1399112
Estonia,1995,1433024
Latvia,2018,1928459
Latvia,2017,1951097
Latvia,2016,1974266
Guinea-Bissau,2017,1828145
Guinea-Bissau,2016,1782438
Guinea-Bissau,2015,1737202
Eswatini,1990,822420
Eswatini,1985,699080
Eswatini,1980,587858
Slovenia,2018,2077837
Slovenia,2017,2076394
Slovenia,2016,2074210
Slovenia,2015,2071199
Cyprus,2000,943290
Cyprus,1995,855383
Cyprus,1990,766615
Cyprus,1985,703685
Trinidad and Tobago,2015,1370328
Trinidad and Tobago,2010,1328147
Trinidad and Tobago,2005,1296502
Trinidad and Tobago,2000,1267153
Comoros,1965,207424
Comoros,1960,191121
Comoros,1955,175903
Equatorial Guinea,2015,1168568
Equatorial Guinea,2010,943639
Equatorial Guinea,2005,749535
Mauritius,2000,1185145
Mauritius,1995,1128673
Mauritius,1990,1055868
Mauritius,1985,1015762
Réunion,1980,509265
Réunion,1975,484777
Réunion,1970,462025
Solomon Islands,1980,230546
Solomon Islands,1975,193402
Solomon Islands,1970,160250
Guyana,1990,743309
Guyana,1985,770435
Guyana,1980,780153
Fiji,1975,576626
Fiji,1970,520562
Fiji,1965,463968
Montenegro,1955,443795
Timor-Leste,1995,844334
Timor-Leste,1990,737814
Timor-Leste,1985,657053
Bahrain,2010,1240860
Bahrain,2005,889164
Bahrain,2000,664611
North Macedonia,2017,2081996
North Macedonia,2016,2080743
North Macedonia,2015,2079328
Djibouti,1980,358960
Djibouti,1975,224183
Djibouti,1970,159659
Djibouti,1965,114963
Gambia,2020,2416668
Gambia,2019,2347706
Gambia,2018,2280094
Gabon,2018,2119275
Gabon,2017,2064823
Gabon,2016,2007873
Botswana,2018,2254068
Botswana,2017,2205080
Botswana,2016,2159927
Namibia,2020,2540905
Lesotho,2020,2142249
Lesotho,2019,2125268
Lesotho,2018,2108328
Estonia,1990,1565246
Estonia,1985,1522400
Estonia,1980,1474439
Lithuania,2020,2722289
Lithuania,2019,2759627
Lithuania,2018,2801264
Puerto Rico,2020,2860853
Puerto Rico,2019,2933408
Latvia,2015,1997674
Latvia,2010,2118861
Latvia,2005,2251993
Latvia,2000,2384164
Guinea-Bissau,2010,1522599
Guinea-Bissau,2005,1344930
Guinea-Bissau,2000,1201301
Eswatini,1975,499763
Eswatini,1970,431253
Eswatini,1965,373919
Eswatini,1960,336583
Slovenia,2010,2043337
Slovenia,2005,1994976
Slovenia,2000,1987717
Cyprus,1980,685405
Cyprus,1975,649751
Cyprus,1970,613618
Trinidad and Tobago,1995,1254200
Trinidad and Tobago,1990,1221116
Trinidad and Tobago,1985,1170285
Equatorial Guinea,2000,606181
Equatorial Guinea,1995,496768
Equatorial Guinea,1990,419188
Mauritius,1980,966031
Mauritius,1975,892211
Mauritius,1970,826441
Réunion,1965,390775
Réunion,1960,335693
Réunion,1955,291658
Solomon Islands,1965,136816
Solomon Islands,1960,117849
Guyana,1975,745841
Guyana,1970,704934
Guyana,1965,651868
Fiji,1960,393481
Fiji,1955,335098
Timor-Leste,1980,599905
Timor-Leste,1975,629227
Timor-Leste,1970,571565
Bahrain,1995,563697
Bahrain,1990,495931
Bahrain,1985,419428
North Macedonia,2010,2070741
North Macedonia,2005,2060273
North Macedonia,2000,2034819
Djibouti,1960,83636
Djibouti,1955,69589
Gambia,2017,2213889
Gambia,2016,2149136
Gambia,2015,2085860
Albania,2020,2877797
Albania,2019,2880917
Albania,2018,2882740
Gabon,2015,1947686
Gabon,2010,1624140
Gabon,2005,1390549
Qatar,2020,2881053
Qatar,2019,2832067
Qatar,2018,2781682
Jamaica,2020,2961167
Jamaica,2019,2948279
Botswana,2015,2120716
Botswana,2010,1987105
Botswana,2005,1799078
Namibia,2019,2494530
Namibia,2018,2448301
Lesotho,2017,2091534
Lesotho,2016,2075030
Lesotho,2015,2059021
Estonia,1975,1422043
Estonia,1970,1360202
Estonia,1965,1290396
Lithuania,2017,2845414
Lithuania,2016,2889557
Lithuania,2015,2931880
Puerto Rico,2018,3039596
Puerto Rico,2017,3163667
Puerto Rico,2016,3283125
Latvia,1995,2508480
Latvia,1990,2664439
Latvia,1985,2580758
Guinea-Bissau,1995,1088854
Guinea-Bissau,1990,975261
Guinea-Bissau,1985,872163
Guinea-Bissau,1980,781677
Eswatini,1955,303028
Slovenia,1995,1991131
Slovenia,1990,2006405
Slovenia,1985,1945130
Slovenia,1980,1835831
Cyprus,1965,580966
Cyprus,1960,572930
Cyprus,1955,529972
Trinidad and Tobago,1980,1084744
Trinidad and Tobago,1975,1010936
Trinidad and Tobago,1970,945360
Trinidad and Tobago,1965,911737
Equatorial Guinea,1985,352118
Equatorial Guinea,1980,249929
Equatorial Guinea,1975,255800
Mauritius,1965,753285
Mauritius,1960,660023
Mauritius,1955,570648
Solomon Islands,1955,102002
Guyana,1960,571819
Guyana,1955,482555
Timor-Leste,1965,519686
Timor-Leste,1960,474532
Timor-Leste,1955,439223
Bahrain,1980,359888
Bahrain,1975,266543
Bahrain,1970,212605
Bahrain,1965,187431
North Macedonia,1995,1983252
North Macedonia,1990,1996228
North Macedonia,1985,1981534
Gambia,2010,1793196
Gambia,2005,1543741
Gambia,2000,1317703
Armenia,2020,2963243
Armenia,2019,2957731
Albania,2017,2884169
Albania,2016,2886438
Albania,2015,2890513
Albania,2010,2948023
Mongolia,2020,3278290
Mongolia,2019,3225167
Bosnia and Herzegovina,2020,3280819
Bosnia and Herzegovina,2019,3301000
Bosnia and Herzegovina,2018,3323925
Gabon,2000,1228360
Gabon,1995,1084946
Gabon,1990,949488
Gabon,1985,827108
Qatar,2017,2724728
Qatar,2016,2654374
Qatar,2015,2565710
Uruguay,2020,3473730
Uruguay,2019,3461734
Jamaica,2018,2934847
Jamaica,2017,2920848
Jamaica,2016,2906236
Botswana,2000,1643334
Botswana,1995,1469174
Botswana,1990,1286756
Botswana,1985,1069582
Eritrea,2020,3546421
Eritrea,2019,3497117
Eritrea,2018,3452786
Namibia,2017,2402633
Namibia,2016,2358044
Namibia,2015,2314904
Namibia,2010,2118874
Lesotho,2010,1995581
Lesotho,2005,1996114
Lesotho,2000,2032804
Estonia,1960,1216819
Estonia,1955,1159231
Lithuania,2010,3123816
Lithuania,2005,3344268
Lithuania,2000,3501839
Lithuania,1995,3626612
Puerto Rico,2015,3381518
Puerto Rico,2010,3579841
Puerto Rico,2005,3631889
Latvia,1980,2521391
Latvia,1975,2469444
Latvia,1970,2378021
Guinea-Bissau,1975,765989
Guinea-Bissau,1970,704939
Guinea-Bissau,1965,649790
Slovenia,1975,1742623
Slovenia,1970,1669581
Slovenia,1965,1629433
Trinidad and Tobago,1960,847979
Trinidad and Tobago,1955,739709
Equatorial Guinea,1970,303982
Equatorial Guinea,1965,276300
Equatorial Guinea,1960,255333
Bahrain,1960,162427
Bahrain,1955,133585
North Macedonia,1980,1924197
North Macedonia,1975,1803010
North Macedonia,1970,1720800
Gambia,1995,1128575
Gambia,1990,955593
Gambia,1985,755787
Armenia,2018,2951745
Armenia,2017,2944791
Armenia,2016,2936143
Albania,2005,3086810
Albania,2000,3129243
Albania,1995,3112936
Albania,1990,3286073
Mongolia,2018,3170216
Mongolia,2017,3113786
Mongolia,2016,3056364
Mongolia,2015,2998439
Bosnia and Herzegovina,2017,3351525
Bosnia and Herzegovina,2016,3386266
Bosnia and Herzegovina,2015,3429361
Bosnia and Herzegovina,2010,3705472
Gabon,1980,726328
Gabon,1975,647536
Gabon,1970,589314
Georgia,2020,3989167
Georgia,2019,3996765
Georgia,2018,4002942
Moldova,2020,4033963
Moldova,2019,4043263
Moldova,2018,4051944
Croatia,2020,4105267
Croatia,2019,4130304
Qatar,2010,1856327
Qatar,2005,865416
Qatar,2000,592468
Uruguay,2018,3449285
Uruguay,2017,3436641
Uruguay,2016,3424129
Uruguay,2015,3412009
Jamaica,2015,2891021
Jamaica,2010,2810460
Jamaica,2005,2740003
Botswana,1980,897868
Botswana,1975,741355
Botswana,1970,627715
Eritrea,2017,3412893
Eritrea,2016,3376557
Eritrea,2015,3342818
Eritrea,2010,3170435
Namibia,2005,1938320
Namibia,2000,1794571
Namibia,1995,1627865
Lesotho,1995,1898598
Lesotho,1990,1703747
Lesotho,1985,1526131
Lithuania,1990,3696035
Lithuania,1985,3562397
Lithuania,1980,3430760
Puerto Rico,2000,3668960
Puerto Rico,1995,3567696
Puerto Rico,1990,3403154
Puerto Rico,1985,3263179
Latvia,1965,2266943
Latvia,1960,2129586
Latvia,1955,2001574
Guinea-Bissau,1960,616136
Guinea-Bissau,1955,576136
Slovenia,1960,1586637
Slovenia,1955,1527205
Equatorial Guinea,1955,239873
North Macedonia,1965,1592433
North Macedonia,1960,1488667
North Macedonia,1955,1392449
Gambia,1980,637246
Gambia,1975,539979
Gambia,1970,464410
Armenia,2015,2925553
Armenia,2010,2877319
Armenia,2005,2981269
Albania,1985,2969672
Albania,1980,2682690
Albania,1975,2411732
Kuwait,2020,4270571
Kuwait,2019,4207083
Mongolia,2010,2719896
Mongolia,2005,2526424
Mongolia,2000,2397418
Mongolia,1995,2298020
Panama,2020,4314767
Panama,2019,4246439
Mauritania,2020,4649658
Mauritania,2019,4525696
Bosnia and Herzegovina,2005,3765331
Bosnia and Herzegovina,2000,3751176
Bosnia and Herzegovina,1995,3829050
New Zealand,2020,4822233
New Zealand,2019,4783063
Central African Republic,2020,4829767
Gabon,1965,533361
Gabon,1960,500928
Gabon,1955,484313
Georgia,2017,4008716
Georgia,2016,4015450
Georgia,2015,4024183
Moldova,2017,4059684
Moldova,2016,4066009
Moldova,2015,4070700
Croatia,2018,4156405
Croatia,2017,4182857
Croatia,2016,4208602
Qatar,1995,513442
Qatar,1990,476278
Qatar,1985,370890
Uruguay,2010,3359275
Uruguay,2005,3321803
Uruguay,2000,3319736
Jamaica,2000,2654701
Jamaica,1995,2533711
Jamaica,1990,2419906
Botswana,1965,559994
Botswana,1960,502745
Botswana,1955,463359
Eritrea,2005,2826659
Eritrea,2000,2292416
Eritrea,1995,2204222
Namibia,1990,1432905
Namibia,1985,1198148
Namibia,1980,1057727
Lesotho,1980,1340255
Lesotho,1975,1160792
Lesotho,1970,1028926
Lesotho,1965,922306
Lithuania,1975,3298879
Lithuania,1970,3136586
Lithuania,1965,2966165
Puerto Rico,1980,3090691
Puerto Rico,1975,2844927
Puerto Rico,1970,2631707
Puerto Rico,1965,2507537
Gambia,1965,405259
Gambia,1960,365047
Gambia,1955,329661
Armenia,2000,3069591
Armenia,1995,3217348
Armenia,1990,3538171
Albania,1970,2150707
Albania,1965,1896171
Albania,1960,1636090
Kuwait,2018,4137312
Kuwait,2017,4056099
Kuwait,2016,3956875
Mongolia,1990,2184145
Mongolia,1985,1921881
Mongolia,1980,1689622
Panama,2018,4176869
Panama,2017,4106769
Mauritania,2018,4403313
Mauritania,2017,4282570
Mauritania,2016,4163533
Mauritania,2015,4046301
Bosnia and Herzegovina,1990,4463423
Bosnia and Herzegovina,1985,4392131
Bosnia and Herzegovina,1980,4179855
New Zealand,2018,4743131
New Zealand,2017,4702034
New Zealand,2016,4659265
New Zealand,2015,4614532
Central African Republic,2019,4745185
Central African Republic,2018,4666368
Central African Republic,2017,4596023
Central African Republic,2016,4537686
Ireland,2020,4937786
Ireland,2019,4882495
Liberia,2020,5057681
Liberia,2019,4937374
Costa Rica,2020,5094118
Costa Rica,2019,5047561
Georgia,2010,4099099
Georgia,2005,4210168
Georgia,2000,4362187
Moldova,2010,4086081
Moldova,2005,4159293
Moldova,2000,4202658
Croatia,2015,4232874
Croatia,2010,4328165
Croatia,2005,4378058
Qatar,1980,223632
Qatar,1975,164320
Qatar,1970,109514
Uruguay,1995,3224281
Uruguay,1990,3109601
Uruguay,1985,3011519
Jamaica,1985,2335510
Jamaica,1980,2162846
Jamaica,1975,2028016
Eritrea,1990,2258653
Eritrea,1985,2003937
Eritrea,1980,1733416
Namibia,1975,947921
Namibia,1970,817469
Namibia,1965,716584
Lesotho,1960,837270
Lesotho,1955,766763
Lithuania,1960,2769876
Lithuania,1955,2628751
Puerto Rico,1960,2294982
Puerto Rico,1955,2195516
Armenia,1985,3335940
Armenia,1980,3099754
Armenia,1975,2832759
Albania,1955,1419994
Kuwait,2015,3835591
Kuwait,2010,2991884
Kuwait,2005,2270198
Mongolia,1975,1479651
Mongolia,1970,1278825
Mongolia,1965,1107124
State of Palestine,2020,5101414
State of Palestine,2019,4981420
State of Palestine,2018,4862979
Oman,2020,5106626
Oman,2019,4974986
Panama,2016,4037078
Panama,2015,3968487
Panama,2010,3642687
Norway,2020,5421241
Norway,2019,5378857
Slovakia,2020,5459642
Slovakia,2019,5457013
Mauritania,2010,3494195
Mauritania,2005,3024194
Mauritania,2000,2630219
Mauritania,1995,2313630
Congo,2020,5518087
Congo,2019,5380508
Bosnia and Herzegovina,1975,3985105
Bosnia and Herzegovina,1970,3760529
Bosnia and Herzegovina,1965,3535643
Bosnia and Herzegovina,1960,3225668
New Zealand,2010,4370062
New Zealand,2005,4135355
New Zealand,2000,3858999
Central African Republic,2015,4493170
Central African Republic,2010,4386768
Central African Republic,2005,4038382
Central African Republic,2000,3640427
Ireland,2018,4818690
Ireland,2017,4753279
Ireland,2016,4695779
Ireland,2015,4652425
Liberia,2018,4818973
Liberia,2017,4702226
Liberia,2016,4586787
Liberia,2015,4472230
Costa Rica,2018,4999441
Costa Rica,2017,4949954
Costa Rica,2016,4899345
Georgia,1995,4976260
Georgia,1990,5410399
Georgia,1985,5211454
Moldova,1995,4340597
Moldova,1990,4365564
Moldova,1985,4216249
Croatia,2000,4428075
Croatia,1995,4616766
Croatia,1990,4776374
Qatar,1965,73633
Qatar,1960,47384
Qatar,1955,35866
Uruguay,1980,2915389
Uruguay,1975,2830176
Uruguay,1970,2809793
Jamaica,1970,1875642
Jamaica,1965,1756511
Jamaica,1960,1628520
Eritrea,1975,1505439
Eritrea,1970,1310945
Eritrea,1965,1148189
Eritrea,1960,1007590
Namibia,1960,634142
Namibia,1955,567847
Armenia,1970,2525068
Armenia,1965,2211319
Armenia,1960,1874121
Armenia,1955,1563507
Kuwait,2000,2045123
Kuwait,1995,1605901
Kuwait,1990,2095344
Kuwait,1985,1735274
Mongolia,1960,955505
Mongolia,1955,855103
State of Palestine,2017,4747227
State of Palestine,2016,4635654
State of Palestine,2015,4529166
State of Palestine,2010,4055631
Oman,2018,4829473
Oman,2017,4665928
Oman,2016,4479219
Oman,2015,4267348
Panama,2005,3330217
Panama,2000,3030328
Panama,1995,2739668
Norway,2018,5337962
Norway,2017,5296326
Norway,2016,5250949
Finland,2020,5540720
Finland,2019,5532156
Denmark,2020,5792202
Denmark,2019,5771876
Denmark,2018,5752126
Singapore,2020,5850342
Singapore,2019,5804337
Slovakia,2018,5453014
Slovakia,2017,5447900
Slovakia,2016,5442003
Mauritania,1990,2034346
Mauritania,1985,1780030
Mauritania,1980,1540640
Congo,2018,5244359
Congo,2017,5110695
Congo,2016,4980996
Bosnia and Herzegovina,1955,2936309
New Zealand,1995,3674936
New Zealand,1990,3398172
New Zealand,1985,3268236
New Zealand,1980,3146619
Central African Republic,1995,3222656
Central African Republic,1990,2806734
Central African Republic,1985,2542169
Ireland,2010,4554321
Ireland,2005,4141223
Ireland,2000,3783103
Liberia,2010,3891356
Liberia,2005,3218116
Liberia,2000,2848456
Liberia,1995,2044661
Costa Rica,2015,4847804
Costa Rica,2010,4577378
Costa Rica,2005,4285502
Georgia,1980,5017833
Georgia,1975,4873639
Georgia,1970,4713342
Moldova,1980,4011076
Moldova,1975,3840045
Moldova,1970,3595555
Moldova,1965,3336592
Croatia,1985,4716117
Croatia,1980,4598130
Croatia,1975,4500867
Croatia,1970,4423073
Uruguay,1965,2694536
Uruguay,1960,2538643
Uruguay,1955,2372559
Jamaica,1955,1540956
Eritrea,1955,899752
Kuwait,1980,1368677
Kuwait,1975,1021720
Kuwait,1970,744450
Kuwait,1965,472037
State of Palestine,2005,3577961
State of Palestine,2000,3224003
State of Palestine,1995,2618668
Oman,2010,3041434
Oman,2005,2511251
Oman,2000,2267973
Oman,1995,2204277
Panama,1990,2470947
Panama,1985,2219201
Panama,1980,1978487
Panama,1975,1745138
Turkmenistan,2020,6031200
Turkmenistan,2019,5942089
Turkmenistan,2018,5850901
El Salvador,2020,6486205
El Salvador,2019,6453553
Norway,2015,5199836
Norway,2010,4885878
Norway,2005,4632364
Norway,2000,4499367
Finland,2018,5522576
Finland,2017,5511371
Finland,2016,5497713
Finland,2015,5481122
Denmark,2017,5732274
Denmark,2016,5711349
Denmark,2015,5688695
Singapore,2018,5757499
Singapore,2017,5708041
Singapore,2016,5653634
Kyrgyzstan,2020,6524195
Kyrgyzstan,2019,6415850
Nicaragua,2020,6624554
Nicaragua,2019,6545502
Nicaragua,2018,6465501
Lebanon,2020,6825445
Lebanon,2019,6855713
Slovakia,2015,5435611
Slovakia,2010,5404294
Slovakia,2005,5398963
Mauritania,1975,1330598
Mauritania,1970,1146780
Mauritania,1965,985910
Mauritania,1960,850384
Congo,2015,4856095
Congo,2010,4273731
Congo,2005,3622775
Congo,2000,3127411
New Zealand,1975,3082633
New Zealand,1970,2818387
New Zealand,1965,2626645
New Zealand,1960,2372594
Central African Republic,1980,2199356
Central African Republic,1975,1958367
Central African Republic,1970,1811144
Ireland,1995,3592186
Ireland,1990,3510885
Ireland,1985,3510979
Ireland,1980,3384756
Liberia,1990,2075912
Liberia,1985,2145754
Liberia,1980,1853001
Costa Rica,2000,3962372
Costa Rica,1995,3545534
Costa Rica,1990,3119433
Georgia,1965,4371527
Georgia,1960,4007723
Georgia,1955,3713133
Moldova,1960,3004452
Moldova,1955,2627012
Croatia,1965,4328923
Croatia,1960,4192635
Croatia,1955,4030415
Kuwait,1960,269029
Kuwait,1955,181888
State of Palestine,1990,2101446
State of Palestine,1985,1759534
State of Palestine,1980,1510713
Oman,1990,1812161
Oman,1985,1498418
Oman,1980,1154377
Oman,1975,882047
Panama,1970,1519285
Panama,1965,1314677
Panama,1960,1132997
Panama,1955,981080
Turkmenistan,2017,5757667
Turkmenistan,2016,5662368
Turkmenistan,2015,5565287
El Salvador,2018,6420746
El Salvador,2017,6388126
El Salvador,2016,6356143
El Salvador,2015,6325124
Norway,1995,4366995
Norway,1990,4247285
Norway,1985,4153105
Libya,2020,6871292
Libya,2019,6777452
Finland,2010,5365782
Finland,2005,5258927
Finland,2000,5187954
Finland,1995,5119005
Bulgaria,2020,6948445
Bulgaria,2019,7000119
Paraguay,2020,7132538
Paraguay,2019,7044636
Denmark,2010,5554844
Denmark,2005,5421702
Denmark,2000,5341194
Denmark,1995,5232704
Singapore,2015,5592152
Singapore,2010,5131172
Singapore,2005,4265687
Singapore,2000,4028871
Kyrgyzstan,2018,6304030
Kyrgyzstan,2017,6189733
Kyrgyzstan,2016,6074330
Kyrgyzstan,2015,5959121
Nicaragua,2017,6384846
Nicaragua,2016,6303974
Nicaragua,2015,6223240
Nicaragua,2010,5824065
Lebanon,2018,6859408
Lebanon,2017,6819373
Lebanon,2016,6714281
Lebanon,2015,6532678
Slovakia,2000,5399211
Slovakia,1995,5375470
Slovakia,1990,5288454
Mauritania,1955,738299
Congo,1995,2707537
Congo,1990,2356737
Congo,1985,2054312
Congo,1980,1777934
New Zealand,1955,2136391
Central African Republic,1965,1639706
Central African Republic,1960,1501668
Central African Republic,1955,1401341
Ireland,1975,3137176
Ireland,1970,2908421
Ireland,1965,2823650
Liberia,1975,1600452
Liberia,1970,1400730
Liberia,1965,1245102
Liberia,1960,1118657
Costa Rica,1985,2736712
Costa Rica,1980,2389977
Costa Rica,1975,2094188
State of Palestine,1975,1323802
State of Palestine,1970,1126629
State of Palestine,1965,1191379
Oman,1970,723851
Oman,1965,625009
Oman,1960,551740
Oman,1955,495818
Turkmenistan,2010,5087213
Turkmenistan,2005,4754646
Turkmenistan,2000,4516133
El Salvador,2010,6183875
El Salvador,2005,6052123
El Salvador,2000,5887936
Laos,2020,7275560
Laos,2019,7169455
Hong Kong,2020,7496981
Hong Kong,2019,7436154
Hong Kong,2018,7371730
Norway,1980,4086076
Norway,1975,4008031
Norway,1970,3876060
Norway,1965,3724463
Sierra Leone,2020,7976983
Sierra Leone,2019,7813215
Sierra Leone,2018,7650150
Togo,2020,8278724
Togo,2019,8082366
Libya,2018,6678559
Libya,2017,6580724
Libya,2016,6492162
Libya,2015,6418315
Finland,1990,4996222
Finland,1985,4911220
Finland,1980,4788243
Finland,1975,4718749
Switzerland,2020,8654622
Switzerland,2019,8591365
Bulgaria,2018,7051608
Bulgaria,2017,7102444
Bulgaria,2016,7151953
Bulgaria,2015,7199741
Paraguay,2018,6956066
Paraguay,2017,6867061
Paraguay,2016,6777872
Denmark,1990,5141115
Denmark,1985,5114243
Denmark,1980,5123945
Denmark,1975,5062729
Singapore,1995,3525969
Singapore,1990,3012966
Singapore,1985,2705534
Kyrgyzstan,2010,5422293
Kyrgyzstan,2005,5075347
Kyrgyzstan,2000,4920712
Kyrgyzstan,1995,4566096
Nicaragua,2005,5438690
Nicaragua,2000,5069302
Nicaragua,1995,4652185
Nicaragua,1990,4173434
Lebanon,2010,4953061
Lebanon,2005,4698763
Lebanon,2000,3842778
Lebanon,1995,3528380
Slovakia,1985,5166798
Slovakia,1980,4996731
Slovakia,1975,4752540
Congo,1975,1536654
Congo,1970,1326885
Congo,1965,1155392
Ireland,1960,2791397
Ireland,1955,2873415
Liberia,1955,1011363
Costa Rica,1970,1847394
Costa Rica,1965,1592841
Costa Rica,1960,1330782
State of Palestine,1960,1069320
State of Palestine,1955,987755
Turkmenistan,1995,4207841
Turkmenistan,1990,3683967
Turkmenistan,1985,3244018
Turkmenistan,1980,2876808
El Salvador,1995,5628600
El Salvador,1990,5270079
El Salvador,1985,4936807
Laos,2018,7061507
Laos,2017,6953035
Laos,2016,6845846
Laos,2015,6741164
Hong Kong,2017,7306322
Hong Kong,2016,7243542
Hong Kong,2015,7185996
Norway,1960,3582507
Norway,1955,3430340
Sierra Leone,2017,7488423
Sierra Leone,2016,7328834
Sierra Leone,2015,7171914
Sierra Leone,2010,6415634
Togo,2018,7889093
Togo,2017,7698474
Togo,2016,7509951
Israel,2020,8655535
Israel,2019,8519377
Serbia,2020,8737371
Serbia,2019,8772235
Libya,2010,6197663
Libya,2005,5798614
Libya,2000,5357891
Libya,1995,4948798
Papua New Guinea,2020,8947024
Papua New Guinea,2019,8776109
Finland,1970,4612366
Finland,1965,4568598
Finland,1960,4434590
Switzerland,2018,8525611
Switzerland,2017,8455804
Switzerland,2016,8379917
Bulgaria,2010,7425008
Bulgaria,2005,7686962
Bulgaria,2000,7997957
Bulgaria,1995,8379308
Paraguay,2015,6688746
Paraguay,2010,6248020
Paraguay,2005,5824096
Denmark,1970,4931241
Denmark,1965,4760460
Denmark,1960,4581101
Singapore,1980,2411688
Singapore,1975,2259721
Singapore,1970,2072283
Singapore,1965,1877826
Kyrgyzstan,1990,4372885
Kyrgyzstan,1985,3993071
Kyrgyzstan,1980,3610970
Nicaragua,1985,3734341
Nicaragua,1980,3265519
Nicaragua,1975,2806857
Lebanon,1990,2803044
Lebanon,1985,2651995
Lebanon,1980,2588929
Slovakia,1970,4538841
Slovakia,1965,4383452
Slovakia,1960,4140129
Slovakia,1955,3815402
Congo,1960,1018253
Congo,1955,911029
Costa Rica,1955,1110087
Turkmenistan,1975,2525364
Turkmenistan,1970,2195175
Turkmenistan,1965,1892599
El Salvador,1980,4591134
El Salvador,1975,4154692
El Salvador,1970,3673068
Laos,2010,6249165
Laos,2005,5751676
Laos,2000,5323700
Hong Kong,2010,6966331
Hong Kong,2005,6769574
Hong Kong,2000,6606327
Hong Kong,1995,6084227
Austria,2020,9006398
Belarus,2020,9449323
Belarus,2019,9452411
Sierra Leone,2005,5645624
Sierra Leone,2000,4584571
Sierra Leone,1995,4303957
Tajikistan,2020,9537645
Tajikistan,2019,9321018
Hungary,2020,9660351
United Arab Emirates,2020,9890402
United Arab Emirates,2019,9770529
Togo,2015,7323158
Togo,2010,6421679
Togo,2005,5611640
Israel,2018,8381516
Israel,2017,8243848
Israel,2016,8108985
Serbia,2018,8802754
Serbia,2017,8829628
Serbia,2016,8853963
Libya,1990,4436661
Libya,1985,3873781
Libya,1980,3219466
Papua New Guinea,2018,8606323
Papua New Guinea,2017,8438036
Papua New Guinea,2016,8271762
Papua New Guinea,2015,8107775
Finland,1955,4238275
Switzerland,2015,8296775
Switzerland,2010,7808675
Bulgaria,1990,8841458
Bulgaria,1985,8975361
Bulgaria,1980,8878791
Paraguay,2000,5323201
Paraguay,1995,4776843
Paraguay,1990,4223415
Denmark,1955,4440778
Singapore,1960,1633130
Singapore,1955,1305105
Kyrgyzstan,1975,3291078
Kyrgyzstan,1970,2969851
Kyrgyzstan,1965,2569452
Nicaragua,1970,2406513
Nicaragua,1965,2068381
Nicaragua,1960,1773129
Nicaragua,1955,1508102
Lebanon,1975,2575749
Lebanon,1970,2297434
Lebanon,1965,2092375
Turkmenistan,1960,1603258
Turkmenistan,1955,1364635
El Salvador,1965,3201313
El Salvador,1960,2766324
El Salvador,1955,2432880
Laos,1995,4846483
Laos,1990,4258472
Laos,1985,3687898
Laos,1980,3258144
Hong Kong,1990,5727938
Hong Kong,1985,5287022
Hong Kong,1980,4868742
Austria,2019,8955102
Austria,2018,8891388
Austria,2017,8819901
Austria,2016,8747301
Belarus,2018,9452617
Belarus,2017,9450231
Belarus,2016,9445643
Belarus,2015,9439423
Sierra Leone,1990,4319762
Sierra Leone,1985,3805311
Sierra Leone,1980,3388495
Sierra Leone,1975,3037154
Tajikistan,2018,9100835
Tajikistan,2017,8880268
Tajikistan,2016,8663579
Tajikistan,2015,8454028
Hungary,2019,9684679
Hungary,2018,9707499
Hungary,2017,9729823
Hungary,2016,9752975
United Arab Emirates,2018,9630959
United Arab Emirates,2017,9487203
United Arab Emirates,2016,9360980
Honduras,2020,9904607
Honduras,2019,9746117
Honduras,2018,9587522
Togo,2000,4924402
Togo,1995,4226291
Togo,1990,3774312
Sweden,2020,10099265
Sweden,2019,10036379
Azerbaijan,2020,10139177
Israel,2015,7978490
Israel,2010,7346446
Israel,2005,6529479
Serbia,2015,8876777
Serbia,2010,8991254
Serbia,2005,9193825
Libya,1975,2645139
Libya,1970,2133526
Libya,1965,1733306
Papua New Guinea,2010,7310507
Papua New Guinea,2005,6494903
Papua New Guinea,2000,5847586
Papua New Guinea,1995,5187060
Switzerland,2005,7386816
Switzerland,2000,7143761
Switzerland,1995,6995521
Bulgaria,1975,8738392
Bulgaria,1970,8507551
Bulgaria,1965,8222589
Paraguay,1985,3676210
Paraguay,1980,3181625
Paraguay,1975,2791241
Kyrgyzstan,1960,2170094
Kyrgyzstan,1955,1904062
Lebanon,1960,1804941
Lebanon,1955,1532115
Laos,1975,3051577
Laos,1970,2688428
Laos,1965,2382594
Laos,1960,2120898
Hong Kong,1975,4208955
Hong Kong,1970,3848924
Hong Kong,1965,3467220
Austria,2015,8678660
Austria,2010,8409949
Austria,2005,8253650
Austria,2000,8069276
Belarus,2010,9420574
Belarus,2005,9562088
Belarus,2000,9871632
Sierra Leone,1970,2744891
Sierra Leone,1965,2508219
Sierra Leone,1960,2317636
Sierra Leone,1955,2165815
Portugal,2020,10196709
Jordan,2020,10203134
Jordan,2019,10101694
Tajikistan,2010,7527394
Tajikistan,2005,6789321
Tajikistan,2000,6216341
Greece,2020,10423054
Greece,2019,10473455
Czech Republic (Czechia),2020,10708981
Czech Republic (Czechia),2019,10689209
Dominican Republic,2020,10847910
Dominican Republic,2019,10738958
Hungary,2015,9777923
Hungary,2010,9927370
Hungary,2005,10085937
United Arab Emirates,2015,9262900
United Arab Emirates,2010,8549988
United Arab Emirates,2005,4588225
United Arab Emirates,2000,3134062
Honduras,2017,9429013
Honduras,2016,9270795
Honduras,2015,9112916
Togo,1985,3252994
Togo,1980,2720839
Togo,1975,2410446
Sweden,2018,9971638
Sweden,2017,9904896
Sweden,2016,9836007
Azerbaijan,2019,10047718
Azerbaijan,2018,9949537
Azerbaijan,2017,9845320
Israel,2000,5945950
Israel,1995,5271367
Israel,1990,4448353
Serbia,2000,9487616
Serbia,1995,9884147
Serbia,1990,9517675
Serbia,1985,9253405
Libya,1960,1448417
Libya,1955,1245358
Papua New Guinea,1990,4615839
Papua New Guinea,1985,4081030
Papua New Guinea,1980,3571205
Switzerland,1990,6652868
Switzerland,1985,6435424
Switzerland,1980,6283832
Switzerland,1975,6337025
Bulgaria,1960,7885607
Bulgaria,1955,7561493
Paraguay,1970,2474763
Paraguay,1965,2172306
Paraguay,1960,1903982
Laos,1955,1890854
Hong Kong,1960,3046050
Hong Kong,1955,2472658
Austria,1995,7990121
Austria,1990,7723949
Austria,1985,7614868
Austria,1980,7609752
Belarus,1995,10077608
Belarus,1990,10151134
Belarus,1985,9901493
Portugal,2019,10226187
Portugal,2018,10256193
Portugal,2017,10288527
Jordan,2018,9965318
Jordan,2017,9785843
Jordan,2016,9554286
Tajikistan,1995,5764810
Tajikistan,1990,5283814
Tajikistan,1985,4537822
Tajikistan,1980,3905446
South Sudan,2020,11193725
South Sudan,2019,11062113
South Sudan,2018,10975927
Cuba,2020,11326616
Cuba,2019,11333483
Cuba,2018,11338134
Greece,2018,10522246
Greece,2017,10569450
Greece,2016,10615185
Haiti,2020,11402528
Haiti,2019,11263077
Czech Republic (Czechia),2018,10665677
Czech Republic (Czechia),2017,10641034
Czech Republic (Czechia),2016,10618857
Dominican Republic,2018,10627141
Dominican Republic,2017,10513104
Dominican Republic,2016,10397741
Dominican Republic,2015,10281680
Hungary,2000,10220507
Hungary,1995,10349302
Hungary,1990,10377137
United Arab Emirates,1995,2415090
United Arab Emirates,1990,1828432
United Arab Emirates,1985,1366164
United Arab Emirates,1980,1019509
Honduras,2010,8317470
Honduras,2005,7458985
Honduras,2000,6574509
Togo,1970,2115522
Togo,1965,1708630
Togo,1960,1580513
Sweden,2015,9764950
Sweden,2010,9390168
Sweden,2005,9038623
Azerbaijan,2016,9736043
Azerbaijan,2015,9622745
Azerbaijan,2010,9032461
Israel,1985,4035068
Israel,1980,3700919
Israel,1975,3296935
Serbia,1980,8908294
Serbia,1975,8497170
Serbia,1970,8119860
Serbia,1965,7835083
Papua New Guinea,1975,3139945
Papua New Guinea,1970,2783121
Papua New Guinea,1965,2485437
Switzerland,1970,6150852
Switzerland,1965,5812851
Switzerland,1960,5280680
Switzerland,1955,4957066
Paraguay,1955,1673665
Austria,1975,7637689
Austria,1970,7516239
Austria,1965,7305158
Austria,1960,7070766
Belarus,1980,9569847
Belarus,1975,9252779
Belarus,1970,8913552
Portugal,2016,10325538
Portugal,2015,10368351
Portugal,2010,10596058
Portugal,2005,10508495
Jordan,2015,9266575
Jordan,2010,7261539
Jordan,2005,5765635
Belgium,2020,11589623
Belgium,2019,11539328
Tajikistan,1975,3390941
Tajikistan,1970,2930107
Tajikistan,1965,2487976
Tajikistan,1960,2087049
Bolivia,2020,11673021
Bolivia,2019,11513100
Tunisia,2020,11818619
Tunisia,2019,11694719
South Sudan,2017,10910763
South Sudan,2016,10832518
South Sudan,2015,10715658
Burundi,2020,11890784
Burundi,2019,11530580
Burundi,2018,11175374
Cuba,2017,11339254
Cuba,2016,11335104
Cuba,2015,11324781
Benin,2020,12123200
Benin,2019,11801151
Benin,2018,11485044
Greece,2015,10659750
Greece,2010,10887637
Greece,2005,11224791
Greece,2000,11082104
Haiti,2018,11123178
Haiti,2017,10982366
Haiti,2016,10839970
Czech Republic (Czechia),2015,10601397
Czech Republic (Czechia),2010,10536518
Czech Republic (Czechia),2005,10258167
Czech Republic (Czechia),2000,10289373
Dominican Republic,2010,9695121
Dominican Republic,2005,9097257
Dominican Republic,2000,8471321
Hungary,1985,10566323
Hungary,1980,10754286
Hungary,1975,10526780
United Arab Emirates,1975,548301
United Arab Emirates,1970,234514
United Arab Emirates,1965,149857
United Arab Emirates,1960,92418
Honduras,1995,5709014
Honduras,1990,4955303
Honduras,1985,4281161
Honduras,1980,3678279
Togo,1955,1473839
Sweden,2000,8881640
Sweden,1995,8836420
Sweden,1990,8567384
Azerbaijan,2005,8538605
Azerbaijan,2000,8122741
Azerbaijan,1995,7775424
Azerbaijan,1990,7242761
Israel,1970,2813749
Israel,1965,2490317
Israel,1960,2060480
Serbia,1960,7556727
Serbia,1955,7234922
Papua New Guinea,1960,2255859
Papua New Guinea,1955,2086247
Austria,1955,6953406
Belarus,1965,8505722
Belarus,1960,8124881
Belarus,1955,7747210
Portugal,2000,10297112
Portugal,1995,10091325
Portugal,1990,9895364
Jordan,2000,5122493
Jordan,1995,4588843
Jordan,1990,3565890
Belgium,2018,11482178
Belgium,2017,11419748
Tajikistan,1955,1794416
Bolivia,2018,11353142
Bolivia,2017,11192855
Bolivia,2016,11031814
Bolivia,2015,10869730
Tunisia,2018,11565201
Tunisia,2017,11433443
Tunisia,2016,11303945
Tunisia,2015,11179949
Rwanda,2020,12952218
Rwanda,2019,12626950
South Sudan,2010,9508364
South Sudan,2005,7535932
South Sudan,2000,6199394
South Sudan,1995,5118083
Guinea,2020,13132795
Guinea,2019,12771246
Burundi,2017,10827019
Burundi,2016,10487995
Burundi,2015,10160030
Zimbabwe,2020,14862924
Zimbabwe,2019,14645468
Cuba,2010,11225832
Cuba,2005,11261582
Cuba,2000,11126430
Benin,2017,11175198
Benin,2016,10872063
Benin,2015,10575952
Greece,1995,10745503
Greece,1990,10225992
Greece,1985,9968238
Greece,1980,9627002
Haiti,2015,10695542
Haiti,2010,9949322
Haiti,2005,9195288
Haiti,2000,8463806
Czech Republic (Czechia),1995,10358193
Czech Republic (Czechia),1990,10340875
Czech Republic (Czechia),1985,10331143
Dominican Republic,1995,7819247
Dominican Republic,1990,7133494
Dominican Republic,1985,6464229
Dominican Republic,1980,5803927
Hungary,1970,10366105
Hungary,1965,10169799
Hungary,1960,10000994
United Arab Emirates,1955,79578
Honduras,1975,3153253
Honduras,1970,2716654
Honduras,1965,2346015
Honduras,1960,2038632
Sweden,1985,8357652
Sweden,1980,8316338
Sweden,1975,8197340
Azerbaijan,1985,6666447
Azerbaijan,1980,6150733
Azerbaijan,1975,5674133
Israel,1955,1691878
Portugal,1985,9929184
Portugal,1980,9750964
Portugal,1975,9172241
Portugal,1970,8651340
Jordan,1985,2900049
Jordan,1980,2377995
Jordan,1975,2065913
Belgium,2016,11354420
Belgium,2015,11287940
Belgium,2010,10938739
Somalia,2020,15893222
Somalia,2019,15442905
Bolivia,2010,10048590
Bolivia,2005,9232306
Bolivia,2000,8418264
Bolivia,1995,7622338
Chad,2020,16425864
Chad,2019,15946876
Cambodia,2020,16718965
Cambodia,2019,16486542
Cambodia,2018,16249792
Senegal,2020,16743927
Senegal,2019,16296364
Tunisia,2010,10635244
Tunisia,2005,10106771
Tunisia,2000,9708350
Rwanda,2018,12301970
Rwanda,2017,11980961
Rwanda,2016,11668827
Netherlands,2020,17134872
Netherlands,2019,17097130
South Sudan,1990,5492623
South Sudan,1985,5220747
South Sudan,1980,4502604
South Sudan,1975,3941618
Guinea,2018,12414293
Guinea,2017,12067519
Guinea,2016,11738429
Burundi,2010,8675602
Burundi,2005,7364862
Burundi,2000,6378871
Zimbabwe,2018,14438802
Zimbabwe,2017,14236595
Zimbabwe,2016,14030331
Zimbabwe,2015,13814629
Cuba,1995,10888252
Cuba,1990,10596987
Cuba,1985,10097911
Cuba,1980,9849459
Benin,2010,9199259
Benin,2005,7982225
Benin,2000,6865951
Benin,1995,5905558
Greece,1975,9014085
Greece,1970,8663571
Greece,1965,8453821
Haiti,1995,7744503
Haiti,1990,7037917
Haiti,1985,6337273
Haiti,1980,5643173
Czech Republic (Czechia),1980,10349083
Czech Republic (Czechia),1975,10069955
Czech Republic (Czechia),1970,9817669
Czech Republic (Czechia),1965,9811377
Dominican Republic,1975,5144637
Dominican Republic,1970,4499720
Dominican Republic,1965,3877765
Dominican Republic,1960,3294224
Hungary,1955,9828494
Honduras,1955,1771352
Sweden,1970,8054916
Sweden,1965,7745673
Azerbaijan,1970,5180023
Azerbaijan,1965,4592609
Azerbaijan,1960,3895397
Portugal,1965,8862280
Portugal,1960,8844645
Portugal,1955,8625532
Jordan,1970,1721323
Jordan,1965,1173606
Jordan,1960,933102
Jordan,1955,682968
Belgium,2005,10546886
Belgium,2000,10282033
Belgium,1995,10186305
Somalia,2018,15008226
Somalia,2017,14589179
Somalia,2016,14185636
Bolivia,1990,6864842
Bolivia,1985,6179460
Bolivia,1980,5579935
Chad,2018,15477729
Chad,2017,15016753
Chad,2016,14561660
Cambodia,2017,16009409
Cambodia,2016,15766292
Cambodia,2015,15521436
Senegal,2018,15854323
Senegal,2017,15419355
Senegal,2016,14993519
Tunisia,1995,9125398
Tunisia,1990,8242496
Tunisia,1985,7329594
Syria,2020,17500658
Syria,2019,17070135
Rwanda,2015,11369071
Rwanda,2010,10039338
Rwanda,2005,8840215
Rwanda,2000,7933681
Ecuador,2020,17643054
Ecuador,2019,17373662
Netherlands,2018,17059560
Netherlands,2017,17021347
Netherlands,2016,16981295
Guatemala,2020,17915568
Guatemala,2019,17581472
Guatemala,2018,17247849
South Sudan,1970,3494004
South Sudan,1965,3133150
South Sudan,1960,2842724
South Sudan,1955,2619712
Guinea,2015,11432088
Guinea,2010,10192176
Guinea,2005,9109581
Burundi,1995,5987043
Burundi,1990,5438957
Burundi,1985,4750837
Zimbabwe,2010,12697723
Zimbabwe,2005,12076699
Zimbabwe,2000,11881477
Zimbabwe,1995,11410714
Cuba,1975,9446442
Cuba,1970,8712541
Cuba,1965,7958169
Cuba,1960,7141250
Benin,1990,4978496
Benin,1985,4278501
Benin,1980,3717165
Greece,1960,8273629
Greece,1955,8011124
Haiti,1975,5094577
Haiti,1970,4676230
Haiti,1965,4258732
Czech Republic (Czechia),1960,9590174
Czech Republic (Czechia),1955,9361772
Dominican Republic,1955,2781336
Sweden,1960,7482543
Sweden,1955,7262623
Azerbaijan,1955,3329387
Belgium,1990,10006544
Belgium,1985,9916578
Belgium,1980,9868995
Belgium,1975,9771586
Somalia,2015,13797201
Somalia,2010,12043883
Somalia,2005,10446863
Bolivia,1975,5001419
Bolivia,1970,4484004
Bolivia,1965,4038872
Bolivia,1960,3656955
Chad,2015,14110975
Chad,2010,11952136
Chad,2005,10096633
Chad,2000,8355654
Cambodia,2010,14312212
Cambodia,2005,13273354
Cambodia,2000,12155239
Zambia,2020,18383955
Zambia,2019,17861030
Kazakhstan,2020,18776707
Kazakhstan,2019,18551427
Chile,2020,19116201
Senegal,2015,14578459
Senegal,2010,12678148
Senegal,2005,11090116
Senegal,2000,9797734
Malawi,2020,19129952
Malawi,2019,18628747
Malawi,2018,18143217
Tunisia,1980,6374039
Tunisia,1975,5656914
Tunisia,1970,5063809
Romania,2020,19237691
Romania,2019,19364557
Syria,2018,16945057
Syria,2017,17095678
Syria,2016,17465575
Rwanda,1995,5836495
Ecuador,2018,17084358
Ecuador,2017,16785361
Ecuador,2016,16491116
Ecuador,2015,16212020
Netherlands,2015,16938499
Netherlands,2010,16682917
Netherlands,2005,16367158
Netherlands,2000,15926188
Guatemala,2017,16914970
Guatemala,2016,16583076
Guatemala,2015,16252429
Guinea,2000,8240730
Guinea,1995,7269625
Guinea,1990,6352283
Burundi,1980,4157298
Burundi,1975,3700880
Burundi,1970,3479074
Zimbabwe,1990,10432421
Zimbabwe,1985,8877489
Zimbabwe,1980,7408624
Zimbabwe,1975,6293875
Cuba,1955,6539454
Benin,1975,3265165
Benin,1970,2912340
Benin,1965,2632356
Benin,1960,2431622
Haiti,1960,3866159
Haiti,1955,3514074
Belgium,1970,9632180
Belgium,1965,9443939
Belgium,1960,9167365
Belgium,1955,8887274
Somalia,2000,8872254
Somalia,1995,7491637
Somalia,1990,7225092
Bolivia,1955,3331036
Chad,1995,7010145
Chad,1990,5963252
Chad,1985,5095401
Cambodia,1995,10656138
Cambodia,1990,8975597
Cambodia,1985,7714880
Zambia,2018,17351708
Zambia,2017,16853599
Zambia,2016,16363458
Zambia,2015,15879361
Kazakhstan,2018,18319618
Kazakhstan,2017,18080019
Kazakhstan,2016,17830901
Kazakhstan,2015,17572016
Chile,2019,18952038
Chile,2018,18729160
Chile,2017,18470439
Chile,2016,18209068
Mali,2020,20250833
Mali,2019,19658031
Burkina Faso,2020,20903273
Burkina Faso,2019,20321378
Senegal,1995,8690164
Senegal,1990,7526307
Senegal,1985,6471327
Sri Lanka,2020,21413249
Sri Lanka,2019,21323733
Malawi,2017,17670196
Malawi,2016,17205261
Malawi,2015,16745303
Tunisia,1965,4547941
Tunisia,1960,4178236
Tunisia,1955,3943540
Romania,2018,19506114
Romania,2017,19653969
Romania,2016,19796285
Syria,2015,17997408
Syria,2010,21362529
Syria,2005,18361176
Syria,2000,16410848
Rwanda,1990,7288882
Rwanda,1985,6146891
Rwanda,1980,5153312
Ecuador,2010,15011117
Ecuador,2005,13825847
Ecuador,2000,12681123
Ecuador,1995,11455204
Netherlands,1995,15467851
Netherlands,1990,14965448
Netherlands,1985,14513949
Guatemala,2010,14630417
Guatemala,2005,13096028
Guatemala,2000,11650743
Guatemala,1995,10408489
Guinea,1985,5470702
Guinea,1980,4871435
Guinea,1975,4491248
Guinea,1970,4154605
Burundi,1965,3094379
Burundi,1960,2797932
Burundi,1955,2537157
Zimbabwe,1970,5289303
Zimbabwe,1965,4471177
Zimbabwe,1960,3776681
Benin,1955,2303587
Somalia,1985,6648627
Somalia,1980,6281134
Somalia,1975,3880292
Somalia,1970,3444568
Chad,1980,4514430
Chad,1975,4088564
Chad,1970,3643604
Chad,1965,3309586
Cambodia,1980,6693764
Cambodia,1975,7524447
Cambodia,1970,6996576
Cambodia,1965,6467197
Zambia,2010,13605984
Zambia,2005,11856247
Zambia,2000,10415944
Kazakhstan,2010,16252279
Kazakhstan,2005,15402807
Kazakhstan,2000,14922719
Kazakhstan,1995,15839363
Taiwan,2020,23816775
Taiwan,2019,23773876
Niger,2020,24206644
Niger,2019,23310715
Australia,2020,25499884
Australia,2019,25203198
North Korea,2020,25778816
North Korea,2019,25666161
Côte d'Ivoire,2020,26378274
Côte d'Ivoire,2019,25716544
Chile,2015,17969353
Chile,2010,17062536
Chile,2005,16182721
Chile,2000,15342353
Mali,2018,19077749
Mali,2017,18512430
Mali,2016,17965443
Burkina Faso,2018,19751466
Burkina Faso,2017,19193234
Burkina Faso,2016,18646357
Senegal,1980,5583165
Senegal,1975,4929846
Senegal,1970,4257505
Senegal,1965,3682876
Sri Lanka,2018,21228763
Sri Lanka,2017,21128032
Sri Lanka,2016,21021171
Malawi,2010,14539612
Malawi,2005,12625952
Malawi,2000,11148758
Romania,2015,19925175
Romania,2010,20471864
Romania,2005,21417291
Syria,1995,14345492
Syria,1990,12446171
Syria,1985,10648632
Syria,1980,8930774
Rwanda,1975,4364706
Rwanda,1970,3757358
Rwanda,1965,3235531
Ecuador,1990,10230934
Ecuador,1985,9066109
Ecuador,1980,7989186
Ecuador,1975,6994334
Netherlands,1980,14148415
Netherlands,1975,13683291
Netherlands,1970,13001943
Guatemala,1990,9263813
Guatemala,1985,8240060
Guatemala,1980,7283459
Guatemala,1975,6433728
Guinea,1965,3801705
Guinea,1960,3494162
Guinea,1955,3229649
Zimbabwe,1955,3213286
Somalia,1965,3068459
Somalia,1960,2755972
Somalia,1955,2491542
Chad,1960,3001609
Chad,1955,2735198
Cambodia,1960,5722370
Cambodia,1955,5045288
Zambia,1995,9096607
Zambia,1990,8036845
Zambia,1985,6923149
Zambia,1980,5851825
Kazakhstan,1990,16383887
Kazakhstan,1985,15665595
Taiwan,2018,23726460
Taiwan,2017,23674546
Taiwan,2016,23618200
Niger,2018,22442822
Niger,2017,21602382
Niger,2016,20788798
Niger,2015,20001663
Australia,2018,24898152
Australia,2017,24584620
Australia,2016,24262712
Australia,2015,23932502
North Korea,2018,25549604
North Korea,2017,25429825
North Korea,2016,25307665
Côte d'Ivoire,2018,25069230
Côte d'Ivoire,2017,24437470
Côte d'Ivoire,2016,23822714
Cameroon,2020,26545863
Cameroon,2019,25876380
Chile,1995,14380866
Chile,1990,13274623
Chile,1985,12257236
Madagascar,2020,27691018
Madagascar,2019,26969307
Venezuela,2020,28435940
Venezuela,2019,28515829
Venezuela,2018,28887118
Mali,2015,17438778
Mali,2010,15049353
Mali,2005,12775516
Burkina Faso,2015,18110624
Burkina Faso,2010,15605217
Burkina Faso,2005,13421930
Senegal,1960,3206749
Senegal,1955,2808225
Sri Lanka,2015,20908027
Sri Lanka,2010,20261737
Sri Lanka,2005,19544988
Malawi,1995,9844415
Malawi,1990,9404500
Malawi,1985,7268267
Romania,2000,22137419
Romania,1995,22964754
Romania,1990,23489160
Romania,1985,23071274
Syria,1975,7535714
Syria,1970,6350541
Syria,1965,5373137
Rwanda,1960,2935582
Rwanda,1955,2527294
Ecuador,1970,6069376
Ecuador,1965,5243977
Ecuador,1960,4543666
Netherlands,1965,12248344
Netherlands,1960,11448817
Netherlands,1955,10709630
Guatemala,1970,5621792
Guatemala,1965,4869716
Guatemala,1960,4210747
Guatemala,1955,3625300
Zambia,1975,4943283
Zambia,1970,4179067
Zambia,1965,3570464
Zambia,1960,3070776
Kazakhstan,1980,14796174
Kazakhstan,1975,14050226
Kazakhstan,1970,13036139
Taiwan,2015,23557477
Taiwan,2010,23187551
Taiwan,2005,22705713
Nepal,2020,29136808
Nepal,2019,28608710
Niger,2010,16464025
Niger,2005,13624467
Niger,2000,11331557
Yemen,2020,29825964
Yemen,2019,29161922
Ghana,2020,31072940
Ghana,2019,30417856
Australia,2010,22154679
Australia,2005,20178540
Australia,2000,18991431
Mozambique,2020,31255435
Mozambique,2019,30366036
Malaysia,2020,32365999
Malaysia,2019,31949777
North Korea,2015,25183833
North Korea,2010,24548836
North Korea,2005,23904167
Côte d'Ivoire,2015,23226143
Côte d'Ivoire,2010,20532950
Cameroon,2018,25216267
Cameroon,2017,24566073
Cameroon,2016,23926551
Chile,1980,11419348
Chile,1975,10592307
Chile,1970,9783134
Madagascar,2018,26262313
Madagascar,2017,25570512
Madagascar,2016,24894370
Venezuela,2017,29402484
Venezuela,2016,29851255
Venezuela,2015,30081829
Venezuela,2010,28439940
Mali,2000,10946445
Mali,1995,9585653
Mali,1990,8449913
Burkina Faso,2000,11607942
Burkina Faso,1995,10089878
Burkina Faso,1990,8811034
Burkina Faso,1985,7727907
Sri Lanka,2000,18777601
Sri Lanka,1995,18242912
Malawi,1980,6250440
Malawi,1975,5384795
Malawi,1970,4703782
Romania,1980,22615639
Romania,1975,21665643
Romania,1970,20548911
Syria,1960,4573512
Syria,1955,3911501
Ecuador,1955,3956620
Zambia,1955,2644976
Kazakhstan,1965,11841920
Kazakhstan,1960,9934563
Kazakhstan,1955,7932521
Taiwan,2000,21966527
Taiwan,1995,21356033
Taiwan,1990,20478520
Taiwan,1985,19303404
Nepal,2018,28095714
Nepal,2017,27632681
Nepal,2016,27263433
Niger,1995,9490288
Niger,1990,8026591
Niger,1985,6915997
Yemen,2018,28498683
Yemen,2017,27834819
Yemen,2016,27168208
Ghana,2018,29767102
Ghana,2017,29121465
Ghana,2016,28481945
Ghana,2015,27849205
Australia,1995,17993074
Australia,1990,16960597
Australia,1985,15663663
Australia,1980,14588405
Angola,2020,32866272
Angola,2019,31825295
Peru,2020,32971854
Mozambique,2018,29496004
Mozambique,2017,28649018
Mozambique,2016,27829938
Mozambique,2015,27042002
Uzbekistan,2020,33469203
Uzbekistan,2019,32981716
Malaysia,2018,31528033
Malaysia,2017,31104646
Malaysia,2016,30684654
North Korea,2000,22929075
North Korea,1995,21862299
North Korea,1990,20293054
Côte d'Ivoire,2005,18354514
Côte d'Ivoire,2000,16454668
Côte d'Ivoire,1995,14199762
Cameroon,2015,23298368
Cameroon,2010,20341241
Cameroon,2005,17733410
Chile,1965,8989621
Chile,1960,8132990
Chile,1955,7322652
Madagascar,2015,24234088
Madagascar,2010,21151640
Madagascar,2005,18336724
Venezuela,2005,26432447
Venezuela,2000,24192446
Venezuela,1995,21931084
Venezuela,1990,19632665
Mali,1985,7831889
Mali,1980,7090126
Mali,1975,6482278
Mali,1970,5949045
Burkina Faso,1980,6822843
Burkina Faso,1975,6154545
Burkina Faso,1970,5624600
Burkina Faso,1965,5174870
Sri Lanka,1990,17325773
Sri Lanka,1985,16176280
Sri Lanka,1980,15035834
Malawi,1965,4134460
Malawi,1960,3659984
Malawi,1955,3270548
Romania,1965,19379568
Romania,1960,18613939
Romania,1955,17483935
Taiwan,1980,17905458
Taiwan,1975,16464927
Taiwan,1970,14924455
Taiwan,1965,12901155
Nepal,2015,27015031
Nepal,2010,27013212
Nepal,2005,25744500
Nepal,2000,23941110
Niger,1980,5989004
Niger,1975,5184941
Niger,1970,4510644
Yemen,2015,26497889
Yemen,2010,23154855
Yemen,2005,20107409
Yemen,2000,17409072
Ghana,2010,24779619
Ghana,2005,21814642
Ghana,2000,19278856
Ghana,1995,17014057
Saudi Arabia,2020,34813871
Saudi Arabia,2019,34268528
Australia,1975,13773288
Australia,1970,12793034
Australia,1965,11313195
Morocco,2020,36910560
Angola,2018,30809787
Angola,2017,29816766
Angola,2016,28842489
Angola,2015,27884381
Canada,2020,37742154
Canada,2019,37411047
Peru,2019,32510453
Peru,2018,31989260
Peru,2017,31444298
Poland,2020,37846611
Poland,2019,37887768
Mozambique,2010,23531574
Mozambique,2005,20493925
Mozambique,2000,17711927
Mozambique,1995,15483286
Afghanistan,2020,38928346
Afghanistan,2019,38041754
Uzbekistan,2018,32476244
Uzbekistan,2017,31959785
Uzbekistan,2016,31441751
Uzbekistan,2015,30929557
Malaysia,2015,30270962
Malaysia,2010,28208035
Malaysia,2005,25690611
North Korea,1985,18877238
North Korea,1980,17472140
North Korea,1975,16274740
North Korea,1970,14410400
Côte d'Ivoire,1990,11924877
Côte d'Ivoire,1985,9918196
Côte d'Ivoire,1980,8033650
Côte d'Ivoire,1975,6412403
Cameroon,2000,15513945
Cameroon,1995,13599988
Cameroon,1990,11780088
Cameroon,1985,10070806
Madagascar,2000,15766806
Madagascar,1995,13475400
Madagascar,1990,11598633
Venezuela,1985,17319520
Venezuela,1980,15182611
Venezuela,1975,13189509
Mali,1965,5568484
Mali,1960,5263733
Mali,1955,4975398
Burkina Faso,1960,4829288
Burkina Faso,1955,4517155
Sri Lanka,1975,13755146
Sri Lanka,1970,12485740
Sri Lanka,1965,11110820
Taiwan,1960,10876150
Taiwan,1955,9189972
Nepal,1995,21576071
Nepal,1990,18905478
Nepal,1985,16858310
Niger,1965,3914117
Niger,1960,3388764
Niger,1955,2955541
Yemen,1995,14913315
Yemen,1990,11709993
Yemen,1985,9572175
Ghana,1990,14773277
Ghana,1985,12783613
Ghana,1980,11056116
Saudi Arabia,2018,33702756
Saudi Arabia,2017,33101179
Saudi Arabia,2016,32443447
Saudi Arabia,2015,31717667
Australia,1960,10242076
Australia,1955,9165707
Iraq,2020,40222493
Iraq,2019,39309783
Ukraine,2020,43733762
Ukraine,2019,43993638
Morocco,2019,36471769
Morocco,2018,36029093
Morocco,2017,35581255
Morocco,2016,35126283
Sudan,2020,43849260
Sudan,2019,42813238
Sudan,2018,41801533
Angola,2010,23356246
Angola,2005,19433602
Angola,2000,16395473
Angola,1995,13945206
Canada,2018,37074562
Canada,2017,36732095
Canada,2016,36382944
Peru,2016,30926032
Peru,2015,30470734
Peru,2010,29027674
Poland,2018,37921592
Poland,2017,37953180
Poland,2016,37989220
Mozambique,1990,12987292
Mozambique,1985,12764387
Mozambique,1980,11630194
Afghanistan,2018,37171921
Afghanistan,2017,36296113
Afghanistan,2016,35383032
Uzbekistan,2010,28515909
Uzbekistan,2005,26427789
Uzbekistan,2000,24769955
Malaysia,2000,23194257
Malaysia,1995,20487607
Malaysia,1990,18029824
Malaysia,1985,15598927
North Korea,1965,12547525
North Korea,1960,11424176
North Korea,1955,10086991
Côte d'Ivoire,1970,5102064
Côte d'Ivoire,1965,4226844
Côte d'Ivoire,1960,3503553
Cameroon,1980,8621406
Cameroon,1975,7451054
Cameroon,1970,6519762
Madagascar,1985,10063495
Madagascar,1980,8716553
Madagascar,1975,7556026
Madagascar,1970,6576305
Venezuela,1970,11396393
Venezuela,1965,9692278
Sri Lanka,1960,9874476
Sri Lanka,1955,8778438
Nepal,1980,15016402
Nepal,1975,13420369
Nepal,1970,12074626
Nepal,1965,10972912
Yemen,1980,7941898
Yemen,1975,6784695
Yemen,1970,6193384
Yemen,1965,5727751
Ghana,1975,9985946
Ghana,1970,8735495
Ghana,1965,7739473
Saudi Arabia,2010,27421461
Saudi Arabia,2005,23816183
Saudi Arabia,2000,20663843
Algeria,2020,43851044
Algeria,2019,43053054
Argentina,2020,45195774
Argentina,2019,44780677
Argentina,2018,44361150
Iraq,2018,38433600
Iraq,2017,37552781
Iraq,2016,36610632
Ukraine,2018,44246156
Ukraine,2017,44487709
Ukraine,2016,44713702
Ukraine,2015,44921639
Uganda,2020,45741007
Uganda,2019,44269594
Spain,2020,46754778
Spain,2019,46736776
Colombia,2020,50882891
Colombia,2019,50339443
Morocco,2015,34663603
Morocco,2010,32343389
Morocco,2005,30455561
Morocco,2000,28793679
Sudan,2017,40813397
Sudan,2016,39847439
Sudan,2015,38902950
Angola,1990,11848386
Angola,1985,9961997
Angola,1980,8341289
Angola,1975,7024000
Canada,2015,36026676
Canada,2010,34147564
Canada,2005,32164309
Peru,2005,27866145
Peru,2000,26459944
Peru,1995,24299160
Poland,2015,38034079
Poland,2010,38329781
Poland,2005,38368949
Poland,2000,38556693
Mozambique,1975,10165215
Mozambique,1970,9022741
Mozambique,1965,8039215
Afghanistan,2015,34413603
Afghanistan,2010,29185507
Afghanistan,2005,25654277
Afghanistan,2000,20779953
Uzbekistan,1995,22791026
Uzbekistan,1990,20398348
Uzbekistan,1985,18061284
Uzbekistan,1980,15898757
Malaysia,1980,13798085
Malaysia,1975,12162187
Malaysia,1970,10804131
Malaysia,1965,9526558
Côte d'Ivoire,1955,3004421
Cameroon,1965,5773543
Cameroon,1960,5176918
Cameroon,1955,4706995
Madagascar,1965,5769218
Madagascar,1960,5099373
Madagascar,1955,4543542
Venezuela,1960,8141841
Venezuela,1955,6744695
Nepal,1960,10105050
Nepal,1955,9316916
Yemen,1960,5315355
Yemen,1955,4965574
Ghana,1960,6635230
Ghana,1955,5730594
Saudi Arabia,1995,18638787
Saudi Arabia,1990,16233785
Saudi Arabia,1985,13118993
Algeria,2018,42228408
Algeria,2017,41389189
Algeria,2016,40551392
Argentina,2017,43937140
Argentina,2016,43508460
Argentina,2015,43075416
Iraq,2015,35572261
Iraq,2010,29741976
Iraq,2005,26922284
Iraq,2000,23497585
Philippines,2020,109581078
Philippines,2019,108116615
Ethiopia,2020,114963588
Ethiopia,2019,112078730
Ukraine,2010,45792090
Ukraine,2005,46890772
Ukraine,2000,48838065
Uganda,2018,42729036
Uganda,2017,41166588
Uganda,2016,39649166
Uganda,2015,38225453
Japan,2020,126476461
Spain,2018,46692858
Spain,2017,46647428
Spain,2016,46634140
Spain,2015,46671926
Colombia,2018,49661048
Colombia,2017,48909839
Colombia,2016,48175052
Morocco,1995,26994250
Morocco,1990,24807462
Morocco,1985,22499110
Sudan,2010,34545013
Sudan,2005,30949516
Sudan,2000,27275015
Sudan,1995,24094747
Angola,1970,5890365
Angola,1965,5770570
Angola,1960,5454933
Canada,2000,30588383
Canada,1995,29164152
Canada,1990,27541319
Canada,1985,25744810
Peru,1990,22071433
Peru,1985,19772872
Peru,1980,17547610
Poland,1995,38458638
Poland,1990,37960193
Poland,1985,37133870
Poland,1980,35539720
Mozambique,1960,7184869
Mozambique,1955,6508398
Afghanistan,1995,18110657
Afghanistan,1990,12412308
Afghanistan,1985,11938208
Afghanistan,1980,13356511
Uzbekistan,1975,13857478
Uzbekistan,1970,12080317
Uzbekistan,1965,10116870
Malaysia,1960,8156347
Malaysia,1955,7038913
Saudi Arabia,1980,9691476
Saudi Arabia,1975,7419493
Saudi Arabia,1970,5836389
Algeria,2015,39728025
Algeria,2010,35977455
Algeria,2005,33149724
Algeria,2000,31042235
Argentina,2010,40895752
Argentina,2005,38892931
Argentina,2000,36870787
Argentina,1995,34828170
Iraq,1995,20149338
Iraq,1990,17419113
Iraq,1985,15555800
Philippines,2018,106651394
Philippines,2017,105172925
Philippines,2016,103663816
Philippines,2015,102113212
Ethiopia,2018,109224414
Ethiopia,2017,106399924
Ethiopia,2016,103603462
Mexico,2020,128932753
Mexico,2019,127575529
Russia,2020,145934462
Russia,2019,145872256
Ukraine,1995,50903785
Ukraine,1990,51463105
Ukraine,1985,50919275
Ukraine,1980,49965874
Bangladesh,2020,164689383
Bangladesh,2019,163046161
Nigeria,2020,206139589
Nigeria,2019,200963599
Brazil,2020,212559417
Brazil,2019,211049527
Uganda,2010,32428167
Uganda,2005,27684585
Uganda,2000,23650172
Japan,2019,126860301
Japan,2018,127202192
Japan,2017,127502725
Japan,2016,127763265
Spain,2010,46931015
Spain,2005,44019123
Spain,2000,40824754
Colombia,2015,47520667
Colombia,2010,45222700
Colombia,2005,42647723
Morocco,1980,19990012
Morocco,1975,17796164
Morocco,1970,16004731
Morocco,1965,14230163
Sudan,1990,20147590
Sudan,1985,17210187
Sudan,1980,14507468
Sudan,1975,12144135
Angola,1955,5043247
Canada,1980,24416886
Canada,1975,23059265
Canada,1970,21374326
Peru,1975,15424744
Peru,1970,13459794
Peru,1965,11711392
Peru,1960,10155015
Poland,1975,33970724
Poland,1970,32639258
Poland,1965,31360907
Afghanistan,1975,12689160
Afghanistan,1970,11173642
Afghanistan,1965,9956320
Uzbekistan,1960,8526300
Uzbekistan,1955,7277333
Saudi Arabia,1965,4843635
Saudi Arabia,1960,4086539
Saudi Arabia,1955,3558155
Algeria,1995,28757785
Algeria,1990,25758869
Algeria,1985,22431502
Argentina,1990,32618651
Argentina,1985,30216279
Argentina,1980,27896528
Argentina,1975,25865776
Iraq,1980,13653354
Iraq,1975,11684590
Iraq,1970,9917983
Philippines,2010,93966780
Philippines,2005,86326250
Philippines,2000,77991755
Pakistan,2020,220892340
Pakistan,2019,216565318
Ethiopia,2015,100835458
Ethiopia,2010,87639964
Ethiopia,2005,76346311
Ethiopia,2000,66224804
Indonesia,2020,273523615
Indonesia,2019,270625568
Mexico,2018,126190788
Mexico,2017,124777324
Mexico,2016,123333376
Russia,2018,145734038
Russia,2017,145530082
Russia,2016,145275383
United States,2020,331002651
United States,2019,329064917
Ukraine,1975,48755665
Ukraine,1970,47088857
Ukraine,1965,45264548
Bangladesh,2018,161376708
Bangladesh,2017,159685424
Bangladesh,2016,157977153
Bangladesh,2015,156256276
Nigeria,2018,195874683
Nigeria,2017,190873244
Nigeria,2016,185960241
Nigeria,2015,181137448
Brazil,2018,209469323
Brazil,2017,207833823
Brazil,2016,206163053
Uganda,1995,20413152
Uganda,1990,17354392
Uganda,1985,14559355
Uganda,1980,12442334
Japan,2015,127985133
Japan,2010,128542353
Japan,2005,128326116
Spain,1995,39787419
Spain,1990,39202525
Spain,1985,38733876
Colombia,2000,39629968
Colombia,1995,36421438
Colombia,1990,33102575
Morocco,1960,12328532
Morocco,1955,10502666
Sudan,1970,10281700
Sudan,1965,8770097
Sudan,1960,7544491
Sudan,1955,6549298
Canada,1965,19627980
Canada,1960,17847405
Canada,1955,15673763
Peru,1955,8858389
Poland,1960,29614201
Poland,1955,27269749
Afghanistan,1960,8996973
Afghanistan,1955,8270991
Algeria,1980,19221665
Algeria,1975,16607707
Algeria,1970,14464985
Argentina,1970,23880561
Argentina,1965,22159650
Argentina,1960,20481779
Argentina,1955,18789418
Iraq,1965,8375790
Iraq,1960,7289760
Iraq,1955,6502657
Philippines,1995,69784088
Philippines,1990,61895160
Philippines,1985,54275822
Pakistan,2018,212228286
Pakistan,2017,207906209
Pakistan,2016,203631353
Ethiopia,1995,57047908
Ethiopia,1990,47887865
Ethiopia,1985,40652141
Ethiopia,1980,35141712
Indonesia,2018,267670543
Indonesia,2017,264650963
Indonesia,2016,261556381
Mexico,2015,121858258
Mexico,2010,114092963
Mexico,2005,106005203
Mexico,2000,98899845
Russia,2015,144985057
Russia,2010,143479274
Russia,2005,143672116
India,2020,1380004385
India,2019,1366417754
India,2018,1352642280
United States,2018,327096265
United States,2017,325084756
United States,2016,323015995
Ukraine,1960,42664652
Ukraine,1955,40019491
Bangladesh,2010,147575430
Bangladesh,2005,139035505
Bangladesh,2000,127657854
Nigeria,2010,158503197
Nigeria,2005,138865016
Nigeria,2000,122283850
Nigeria,1995,107948335
Brazil,2015,204471769
Brazil,2010,195713635
Brazil,2005,186127103
Uganda,1975,10737403
Uganda,1970,9405600
Uganda,1965,7986066
Uganda,1960,6767095
Japan,2000,127524174
Japan,1995,126365484
Japan,1990,124505240
Spain,1980,37698196
Spain,1975,35879209
Spain,1970,33883749
Spain,1965,32146263
Colombia,1985,29951201
Colombia,1980,26900506
Colombia,1975,24065507
Algeria,1965,12550885
Algeria,1960,11057863
Algeria,1955,9774283
Philippines,1980,47357743
Philippines,1975,41285742
Philippines,1970,35803594
Pakistan,2015,199426964
Pakistan,2010,179424641
Pakistan,2005,160304008
Pakistan,2000,142343578
Ethiopia,1975,32566854
Ethiopia,1970,28415077
Ethiopia,1965,25013626
Ethiopia,1960,22151278
Indonesia,2015,258383256
Indonesia,2010,241834215
Indonesia,2005,226289470
Mexico,1995,91663285
Mexico,1990,83943132
Mexico,1985,75983485
Mexico,1980,67761372
Russia,2000,146404903
Russia,1995,148227466
Russia,1990,147531561
India,2017,1338676785
India,2016,1324517249
India,2015,1310152403
United States,2015,320878310
United States,2010,309011475
United States,2005,294993511
Bangladesh,1995,115169930
Bangladesh,1990,103171956
Bangladesh,1985,90764183
Bangladesh,1980,79639491
Nigeria,1990,95212450
Nigeria,1985,83562785
Nigeria,1980,73423633
Brazil,2000,174790340
Brazil,1995,162019896
Brazil,1990,149003223
Uganda,1955,5888793
Japan,1985,121883482
Japan,1980,117816940
Japan,1975,112413359
Japan,1970,104929251
Spain,1960,30402411
Spain,1955,29048395
Colombia,1970,21480065
Colombia,1965,18725245
Colombia,1960,16057724
Colombia,1955,13775000
Philippines,1965,30909988
Philippines,1960,26269734
Philippines,1955,22177058
Pakistan,1995,123776839
Pakistan,1990,107647921
Pakistan,1985,92191510
Ethiopia,1955,19947292
Indonesia,2000,211513823
Indonesia,1995,196934260
Indonesia,1990,181413402
Indonesia,1985,164982451
Mexico,1975,59607953
Mexico,1970,51493565
Mexico,1965,44123853
Russia,1985,142957284
Russia,1980,138053150
Russia,1975,133804858
Russia,1970,130148653
India,2010,1234281170
India,2005,1147609927
India,2000,1056575549
United States,2000,281710909
United States,1995,265163745
United States,1990,252120309
United States,1985,240499825
Bangladesh,1975,70066301
Bangladesh,1970,64232482
Bangladesh,1965,55385112
Bangladesh,1960,48013504
Nigeria,1975,63374298
Nigeria,1970,55982144
Brazil,1985,135274080
Brazil,1980,120694009
Brazil,1975,107216205
Brazil,1970,95113265
Japan,1965,98447002
Japan,1960,93673615
Japan,1955,89018257
Pakistan,1980,78054343
Pakistan,1975,66816877
Pakistan,1970,58142060
Pakistan,1965,50917975
Indonesia,1980,147447836
Indonesia,1975,130680727
Indonesia,1970,114793178
Indonesia,1965,100267062
Mexico,1960,37771859
Mexico,1955,32350596
Russia,1965,126503736
Russia,1960,119871700
Russia,1955,111355300
India,1995,963922588
India,1990,873277798
India,1985,784360008
India,1980,698952844
United States,1980,229476354
United States,1975,219081251
United States,1970,209513341
Bangladesh,1955,42086301
Nigeria,1965,50127921
Nigeria,1960,45138458
Nigeria,1955,41086100
Brazil,1965,83373530
Brazil,1960,72179226
Brazil,1955,62533919
Pakistan,1960,44988690
Pakistan,1955,40488030
Indonesia,1960,87751068
Indonesia,1955,77273425
India,1975,623102897
India,1970,555189792
India,1965,499123324
United States,1965,199733676
United States,1960,186720571
United States,1955,171685336
India,1960,450547679
India,1955,409880595